S01100002E2E2F50726F746575732E73313966
S32D0000C000000000205DC2000011C3000017C300001DC3000023C3000029C3000000000000000000000000000073
S32D0000C028000000002FC3000035C30000000000003BC3000041C3000091CC00009DCC0000A9CC0000B5CC000042
S32D0000C050C1CC0000CDCC0000D9CC0000E5CC0000F1CC0000FDCC000009CD000015CD000021CD00002DCD000020
S32D0000C07839CD000045CD000051CD00005DCD000069CD000075CD000081CD00008DCD000099CD0000A5CD000042
S32D0000C0A0B1CD0000BDCD0000C9CD0000D5CD0000E1CD0000EDCD0000F9CD000005CE000011CE00001DCE000067
S32D0000C0C829CE000035CE000041CE00004DCE000059CE000065CE000071CE00007DCE000089CE000095CE000088
S32D0000C0F0A1CE000035160100ADCE0000B9CE0000C5CE0000D1CE0000DDCE0000E9CE0000F5CE000001CF00003E
S32D0000C1180DCF000019CF000025CF000031CF00003DCF000049CF000055CF000061CF00006DCF000079CF000045
S32D0000C14085CF000091CF00009DCF0000A9CF0000B1F70000B5CF0000C1CF0000CDCF0000D9CF0000E5CF000085
S32D0000C168F1CF0000FDCF000009D0000015D0000021D000002DD0000039D0000045D0000051D000005DD0000005
S32D0000C19069D0000075D0000081D00000A5F300006DF2000009F3000015CA000045F400008DD0000099D00000E1
S32D0000C1B8A5D000002496010000000020C8160000249601000000FF1F00000000C81600206C0400000000FF1FC6
S32D0000C1E00000000080B489B000AFF860B9607A60BB68FB61FB68BB6100237B617A697B689A420BD2BA69131DFB
S32D0000C208BB61FB69191DF96112681A607B6904337B61EFE700BF2437BD4680BC704780B485B000AF786039609E
S32D0000C2307B68FB600023BB60BA683B689A4208D2FB681A1DFA6000221A60BB680433BB60F2E700BF1437BD46FE
S32D0000C25880BC704780B586B000AF72B6234B4CF220521A80214B4DF628121A80204B4FF4E9721A801F4B7B615F
S32D0000C2807B691F4A934214D27B691A1D7A611B683B617B691A1D7A611B68FB607B691A1D7A611B68BB60BA68E9
S32D0000C2A8F9683869FFF79AFFE6E77B69134A93420ED27B691A1D7A611B68FB607B691A1D7A611B68BB60B9688B
S32D0000C2D0F868FFF7A8FFECE70B4B7B600B4A7B681A6006F0C1FC62B600F05CFC00F0D8F8FEE700BF0E200540A3
S32D0000C2F800200540BCC10000D4C10000E4C1000008ED00E000C0000080B400AFFEE780B400AFFEE780B400AFF4
S32D0000C320FEE780B400AFFEE780B400AFFEE780B400AFFEE780B400AFFEE780B400AFFEE780B400AFFEE780B426
S32D0000C34800AFFEE7FFFFFFFFFFFFFFFFFFFFFFFFFFFFFFFFFFFFFFFFFFFFFFFFFFFFFFFFFFFFFFFFFFFFFFFF57
S32D0000C370FFFFFFFFFFFFFFFFFFFFFFFFFFFFFFFFFFFFFFFFFFFFFFFFFFFFFFFFFFFFFFFFFFFFFFFFFFFFFFFFC7
S32D0000C398FFFFFFFFFFFFFFFFFFFFFFFFFFFFFFFFFFFFFFFFFFFFFFFFFFFFFFFFFFFFFFFFFFFFFFFFFFFFFFFF9F
S32D0000C3C0FFFFFFFFFFFFFFFFFFFFFFFFFFFFFFFFFFFFFFFFFFFFFFFFFFFFFFFFFFFFFFFFFFFFFFFFFFFFFFFF77
S32D0000C3E8FFFFFFFFFFFFFFFFFFFFFFFFFFFFFFFFFFFFFFFFFFFFFFFFFFFFFFFFFFFFFFFFFFFFFFFFFEFFFFFF50
S32D0000C44010B5054C237833B9044B13B10448AFF300800123237010BDC81600200000000010C4000008B5034B4F
S32D0000C4681BB103490348AFF3008008BD00000000CC16002010C4000080B483B000AFC7E900013A68796821F02B
S32D0000C4900043104619460C37BD4680BC7047000080B582B000AF3A463B1D1946144803F07FFF034683F0010373
S32D0000C4B8DBB2002B00D0F2E700F0B6F93A463B1D19460D4803F070FF0346002BF6D00B4803F000F80346194648
S32D0000C4E0074804F026F9084802F0F8FF03461946034804F01EF9012002F006FDE2E700BFDC190020F4160020B8
S32D0000C508F816002080B582B000AF78603960386805F0EAFF03461946074800F045FE786805F0E2FF034619464A
S32D0000C530044800F03DFE00BF0837BD4680BD00BFE4160020EC160020F0B587B000AFC7E90001D7E90001FFF73A
S32D0000C55893FF53A3D3E9002305F0DAFB02460B461046194650A3D3E9002305F0FBFC02460B461046194605F035
S32D0000C58065FE03467B614C4802F0BAFF4B4802F0B7FF4B4804F0D4FF0346184605F064FB02460B464FF000005E
S32D0000C5A8464905F0DFFC02460B46104619464FF00002434B05F0ACFB02460B461046194605F088FE03463B619F
S32D0000C5D04FF07E51386905F0D7FE0346FB604FF000024FF00003D7E9000105F025FE0346002B0CD0F86806F01E
S32D0000C5F895F90446386906F091F9034619462046FFF780FF11E0FB6883F00043184606F085F904463B6983F05C
S32D0000C6200043184606F07EF9034619462046FFF76DFF224802F052FF04461F4802F04EFF03462344184605F0CE
S32D0000C648FDFA4FF000024FF0804305F08BFC02460B4614461D46786905F0F0FA02460B4601210E462046294614
S32D0000C67005F0C4FD0346002B01D100231E46F3B2002B00D0D5E7114800F050FD104800F04DFD4FF000000F49FE
S32D0000C69802F04CFC00BF1C37BD46F0BDAFF300800000000000E073403023337F7CD92240F8160020F4160020AF
S32D0000C6C0281A00200000274000804140EC160020E41600200000E03FF0B589B000AFC7E9000145A3D3E9002322
S32D0000C6E8C7E9062344A3D3E90023D7E9060105F00FFB02460B4614461D46D7E90001FFF7BBFE4FF00002424B2B
S32D0000C71005F02CFC02460B462046294605F0FCFA02460B46C7E9042337A3D3E90023D7E9040105F0F1FA02466F
S32D0000C7380B461046194634A3D3E9002305F012FC02460B461046194605F07CFD0346FB60304802F0D1FE304803
S32D0000C76002F0CEFE4FF000024FF00003D7E9000105F062FD0346002B05D06FF022012320FFF7C4FE04E0232167
S32D0000C7886FF02200FFF7BEFE234802F0A3FE0446204802F09FFE03462344184605F04EFA4FF000024FF0804383
S32D0000C7B005F0DCFB02460B4614461D46F86805F041FA02460B4601210E462046294605F015FD0346002B01D178
S32D0000C7D800231E46F3B2002B00D0D5E70F4800F0A1FC0F4800F09EFC00BF2437BD46F0BD33333333333320402F
S32D0000C800EA2E4454FB2109400000000000E073403023337F7CD9224000807640F8160020F4160020E4160020FE
S32D0000C828EC1600200000000098B500AF4C4802F087FE034619464B4803F08AFF44A1D1E9000102F073FB464874
S32D0000C85002F07AFE0346012214464FF08041184606F056F80346002B01D100231C46E3B2002B00D0DEE74FF089
S32D0000C87800003D49FFF72CFF4FF000003B49FFF75FFE4FF000003A49FFF722FF4FF000003849FFF755FE4FF0B4
S32D0000C8A000003749FFF718FF4FF000003549FFF74BFE2D4802F048FE034619462B4803F04BFF294802F040FE3B
S32D0000C8C80346184605F0CCF901231C4622A3D3E9002305F08FFC0346002B01D100231C46E3B2002B14D0264959
S32D0000C8F01E4803F00BFF4FF000002449FFF7ECFE4FF000004FF08041FFF71EFE4FF000001E49FFF7E1FE13E06C
S32D0000C9181D49144803F0F6FE4FF000001249FFF7D7FE4FF000004FF08041FFF709FE4FF000000D49FFF7CCFE52
S32D0000C9404FF000001349FFF7FFFD4FF000001249FFF7FAFD00BF98BD9A9999999999B93F666666666666FA3F75
S32D0000C968FC160020DC190020008056C000001C4000003EC000003F4000C054C000002240CC8E01000080564044
S32D0000C990D08E010000001CC00000244080B582B000AF786039607B68012B1AD13B684FF6FF72934215D10D4AEE
S32D0000C9B801210D4800F078FB0A4A00210B4800F073FB00210A4802F0D7FA1D21094802F0D3FA0121084802F069
S32D0000C9E0A1FD00BF0837BD4680BD00BF00001041E4160020EC160020F4160020F8160020FC16002080B500AF93
S32D0000CA084FF6FF710120FFF7C5FF80BD80B500AF0F4BD3F8A03003F48053002B14BF01230023DBB2002B10D0B3
S32D0000CA30094BD3F8A030084A23F48053C2F8A030064804F027FF064B1B68054A23F40053136000BF80BD00BF00
S32D0000CA5800C00440641A0020C0F00F4080B400AF124B4FF480725A63114B5B69104A43F4005353610E4B1B6849
S32D0000CA800D4A43F4005313600A4B0C4A1A630C4BD3F888310A4A43F08063C2F88831084B9B68074A43F0806397
S32D0000CAA8936000BFBD4680BC704700BF00C00440C0F00F4003010A0000E100E080B400AF334B00225A70324B5D
S32D0000CAD098221A70304B9B79DBB203F01003002B14BF01230023DBB2002B00D0F2E72A4B9B79DBB29B08DBB2E6
S32D0000CAF803F00303022B14BF01230023DBB2002B00D0F0E7224B18221A71214B00225A71204B03F580531A4650
S32D0000CB201F4B53641C4B54225A711B4B9B79DBB203F02003002B0CBF01230023DBB2002B00D0F2E7144B9B79F0
S32D0000CB48DBB203F04003002B0CBF01230023DBB2002B00D0F2E70E4B1B78DBB20C4A03F03F03DBB213700A4BF5
S32D0000CB709B79DBB29B08DBB203F00303032B14BF01230023DBB2002B00D0F0E700231846BD4680BC704700BFF0
S32D0000CB9800400640007004400000130180B500AF314B03F580539B6B2F4A43F4785302F580529363FFF752FF6F
S32D0000CBC0FFF780FF2B4B58221A602A4B1B684FF47A7202FB03F3284A1360274B1B681A46234B03F580535B6C14
S32D0000CBE81B0E03F00F030133B2FBF3F31A46214B1A601D4B03F58053DB6B1B4A43F0225302F58052D363184BFC
S32D0000CC1003F580531B6B164A43F0006302F580521363174B4FF480721A61642002F058F8134B5B69124A23F007
S32D0000CC3810035361104B00221A600F4B10225A610E4803F08FF902F063FD02F0C1FD0C4802F0A4F80B4804F0CD
S32D0000CC606DFE4FF4FA6002F04FF900BF80BD00BF0070044028190020241900202C19002000D00340DC190020AA
S32D0000CC8820190020D41A002080B500AFFFF757FB00BF80BD80B500AFFFF751FB00BF80BD80B500AFFFF74BFBAD
S32D0000CCB000BF80BD80B500AFFFF745FB00BF80BD80B500AFFFF73FFB00BF80BD80B500AFFFF739FB00BF80BD2A
S32D0000CCD880B500AFFFF733FB00BF80BD80B500AFFFF72DFB00BF80BD80B500AFFFF727FB00BF80BD80B500AF50
S32D0000CD00FFF721FB00BF80BD80B500AFFFF71BFB00BF80BD80B500AFFFF715FB00BF80BD80B500AFFFF70FFB41
S32D0000CD2800BF80BD80B500AFFFF709FB00BF80BD80B500AFFFF703FB00BF80BD80B500AFFFF7FDFA00BF80BD66
S32D0000CD5080B500AFFFF7F7FA00BF80BD80B500AFFFF7F1FA00BF80BD80B500AFFFF7EBFA00BF80BD80B500AF8E
S32D0000CD78FFF7E5FA00BF80BD80B500AFFFF7DFFA00BF80BD80B500AFFFF7D9FA00BF80BD80B500AFFFF7D3FABD
S32D0000CDA000BF80BD80B500AFFFF7CDFA00BF80BD80B500AFFFF7C7FA00BF80BD80B500AFFFF7C1FA00BF80BDA4
S32D0000CDC880B500AFFFF7BBFA00BF80BD80B500AFFFF7B5FA00BF80BD80B500AFFFF7AFFA00BF80BD80B500AFCA
S32D0000CDF0FFF7A9FA00BF80BD80B500AFFFF7A3FA00BF80BD80B500AFFFF79DFA00BF80BD80B500AFFFF797FA35
S32D0000CE1800BF80BD80B500AFFFF791FA00BF80BD80B500AFFFF78BFA00BF80BD80B500AFFFF785FA00BF80BDDF
S32D0000CE4080B500AFFFF77FFA00BF80BD80B500AFFFF779FA00BF80BD80B500AFFFF773FA00BF80BD80B500AF05
S32D0000CE68FFF76DFA00BF80BD80B500AFFFF767FA00BF80BD80B500AFFFF761FA00BF80BD80B500AFFFF75BFAAC
S32D0000CE9000BF80BD80B500AFFFF755FA00BF80BD80B500AFFFF74FFA00BF80BD80B500AFFFF749FA00BF80BD1B
S32D0000CEB880B500AFFFF743FA00BF80BD80B500AFFFF73DFA00BF80BD80B500AFFFF737FA00BF80BD80B500AF41
S32D0000CEE0FFF731FA00BF80BD80B500AFFFF72BFA00BF80BD80B500AFFFF725FA00BF80BD80B500AFFFF71FFA24
S32D0000CF0800BF80BD80B500AFFFF719FA00BF80BD80B500AFFFF713FA00BF80BD80B500AFFFF70DFA00BF80BD56
S32D0000CF3080B500AFFFF707FA00BF80BD80B500AFFFF701FA00BF80BD80B500AFFFF7FBF900BF80BD80B500AF7D
S32D0000CF58FFF7F5F900BF80BD80B500AFFFF7EFF900BF80BD80B500AFFFF7E9F900BF80BD80B500AFFFF7E3F99F
S32D0000CF8000BF80BD80B500AFFFF7DDF900BF80BD80B500AFFFF7D7F900BF80BD80B500AFFFF7D1F900BF80BD95
S32D0000CFA880B500AFFFF7CBF900BF80BD80B500AFFFF7C5F900BF80BD80B500AFFFF7BFF900BF80BD80B500AFBB
S32D0000CFD0FFF7B9F900BF80BD80B500AFFFF7B3F900BF80BD80B500AFFFF7ADF900BF80BD80B500AFFFF7A7F917
S32D0000CFF800BF80BD80B500AFFFF7A1F900BF80BD80B500AFFFF79BF900BF80BD80B500AFFFF795F900BF80BDD1
S32D0000D02080B500AFFFF78FF900BF80BD80B500AFFFF789F900BF80BD80B500AFFFF783F900BF80BD80B500AFF6
S32D0000D048FFF77DF900BF80BD80B500AFFFF777F900BF80BD80B500AFFFF771F900BF80BD80B500AFFFF76BF98E
S32D0000D07000BF80BD80B500AFFFF765F900BF80BD80B500AFFFF75FF900BF80BD80B500AFFFF759F900BF80BD0C
S32D0000D09880B500AFFFF753F900BF80BD80B500AFFFF74DF900BF80BD80B584B000AFF8600B467A60FB72FB68C1
S32D0000D0C0FA7A1A71FB6800225A711749786805F01FFC0346002B02D0134B7B600AE04FF07E51786805F000FC5B
S32D0000D0E80346002B02D04FF07E537B60786804F0B7FD09A3D3E9002304F00AFE02460B461046194605F0E6F8B9
S32D0000D1100246FB681A60FB6818461037BD4680BDABAAAAAAAAAA20400000404180B582B000AF78607B685B7901
S32D0000D138002B09D07B6800225A717B6819791E230022034801F064FE00BF0837BD4680BD2019002080B584B07F
S32D0000D16000AF786039603B687F2B02DD7F23FB7308E03B6813F1800F02DA8023FB7301E03B68FB737B685B7991
S32D0000D188FA7B9A4209D07B68FA7B5A717B681979FA7B1E23034801F03BFE00BF1037BD4680BD00BF201900202E
S32D0000D1B0B0B584B000AF786039603749386805F089FB0346002B02D0334B3B6008E03349386805F09DFB0346C6
S32D0000D1D8002B01D02F4B3B60386804F041FD04460D467B681B68184604F03AFD4FF00002294B04F0B7FE024614
S32D0000D2000B462046294604F087FD02460B461046194605F063F803463B604FF00001386805F06CFB0346002B30
S32D0000D22810D0386804F01CFD17A3D3E9002304F06FFD02460B461046194605F003F80346FB6018E0386804F0E4
S32D0000D2500BFD4FF00002134B04F05EFD02460B46104619464FF000020D4B04F07FFE02460B461046194604F020
S32D0000D278E9FF0346FB60F9687868FFF76BFF00BF1037BD46B0BD00BF52B81E85EB51F43F0000C8C20000C84276
S32D0000D2A0000059400000604080B483B000AF03460A46FB711346BB71BB79002B03D1134B00221A7002E0114B0C
S32D0000D2C801221A703823FB710E4B1A78FB791343FB710D4B9B78DBB20B4A43F01003DBB29370094B9B78DBB28C
S32D0000D2F0074A43F02003DBB29370054AFB79137100BF0C37BD4680BC704700BFFD1600200060064080B483B09B
S32D0000D31800AF01237B607B68312B04DC00BF7B6801337B60F7E700BF0C37BD4680BC704780B582B000AF034634
S32D0000D3400A46FB711346BB71134B1B7800211846FFF7AAFF00F024F8104AFB79137100F01FF80E4ABB791371FA
S32D0000D36800F01AF80B4B9B78DBB20A4A23F02003DBB29370074B9B78DBB2064A23F01003DBB29370FFF7C2FFD6
S32D0000D39000BF0837BD4680BDFE1600200060064080B483B000AF174B1B78002B24D100237B60154BDB78DBB2EE
S32D0000D3B803F00203002B0CBF01230023DBB2002B0DD07B6842F21072934203DD0B4B01221A7004E07B68013331
S32D0000D3E07B6000BFE5E7084BDB78DBB2064A43F00203DBB2D37000E000BF0C37BD4680BC704700BFFF16002062
S32D0000D4080060064080B582B000AF0346FB71FB79184600F05FF800BF0837BD4680BD80B582B000AF03460A467F
S32D0000D430FB711346BB7100F035F8FB795B00DBB21846FFF7E3FFBB791846FFF7DFFF00F037F800BF0837BD46A8
S32D0000D45880BD80B500AFFF2000F03CF80346184680BD80B584B000AF0346FB7100F016F8FB795B005BB243F084
S32D0000D48001035BB2DBB21846FFF7C0FFFFF7E5FF0346FB7300F014F8FB7B18461037BD4680BD000080B400AF02
S32D0000D4A8044B9B68034A43F48013936000BFBD4680BC704740F00F4080B400AF044B5B68034A43F48013536007
S32D0000D4D000BFBD4680BC704740F00F4080B485B000AF0346FB710023BB73164BDB6A03F00043012B0CBF0123E5
S32D0000D4F80023DBB2002B03D0FB7B0133FB73F0E70E4BDB6A0D4A43F00043D3620B4AFB7953630A4BDB6A03F4B9
S32D0000D5200033002B0CBF01230023DBB2002B00D0F3E7044B9B6BBB73BB7B18461437BD4680BC704700C00A40A9
S32D0000D54880B582B000AF204B03F580531B6B1E4A43F4805302F5805213631C4B4FF480721A651B4B5B691A4A89
S32D0000D57043F480135361FFF7A3FF164B4FF400725A65144B4FF400729A65124B4FF40072DA65124B124A1A600B
S32D0000D598104B124ADA6000237B607B68092B06DCFF20FFF72FFF7B6801337B60F5E704A1D1E9000101F0BAFC65
S32D0000D5C000BF0837BD4680BD9A9999999999B93F0070044000A0044040F00F4000C00A40000C00800500003E80
S32D0000D5E890B486B000AFF860B9607A60FB68534A93420AD1524B03F580535B6B504A43F4806302F58052536390
S32D0000D61045E0FB684D4A93420AD14B4B03F580535B6B494A43F4006302F58052536336E0FB68474A93420AD190
S32D0000D638434B03F580535B6B414A43F4805302F58052536327E0FB68404A93420AD13C4B03F580535B6B3A4A51
S32D0000D66043F4005302F58052536318E0FB683A4A93420AD1344B03F580539B6A324A43F4806302F58052936261
S32D0000D68809E02F4B03F580539B6A2D4A43F4006302F580529362FB68DB78DBB223F00C03DAB2FB68DA70FB6871
S32D0000D6B000229A70BB684FF47A7203FB02F27B681B0192FBF3F39CB2FB681B78DBB223F01F03FB75230A9BB27A
S32D0000D6D8DBB203F01F03DAB2FB7D1343DAB2FB681A70E2B2FB685A70BB684FF4FA4203FB02F27B681B0192FBCE
S32D0000D700F3F39AB263019BB2D31A9CB2FB689B7ADBB223F01F03FB75E3B203F01F03DAB2FB7D1343DAB2FB6840
S32D0000D7289A72FB68DB78DBB243F00C03DAB2FB68DA7000BF1837BD4690BC704700A006400070044000B0064065
S32D0000D75000C0064000D0064000A00E4080B483B000AF78607B681B79DBB203F02003002B0CBF01230023DBB2CF
S32D0000D778002B00D0F2E77B68DB79DBB218460C37BD4680BC704780B483B000AF78600B46FB707B681B79DBB2A6
S32D0000D7A05BB2DB43DBB2DB09DBB2002B00D0F4E77B68FA78DA7100BF0C37BD4680BC704780B487B000AFF86052
S32D0000D7C8B9607A60FB687B617B685A1E7A60002B14BF01230023DBB2002B06D07B695A1C7A61BA68D2B21A7094
S32D0000D7F0EEE700BF1C37BD4680BC704780B584B000AF786039607B681B6BFB60FA683B689A4252D07B681B7967
S32D0000D818002B35D07B6858787B6803F134010123FA6801F0F7F80346002B14BF01230023DBB2002B01D0012352
S32D0000D8403CE07B6800221A717B685A6A7B681B6A1344FA689A4217D27B68DB78FB72FB7A012B11D97B681B6AEB
S32D0000D868FA681344FB607B6858787B6803F134010123FA6801F0CEF8FB7A013BFB72EAE73B68002B15D07B68FD
S32D0000D89058787B6803F1340101233A6800F0DAFF0346002B14BF01230023DBB2002B01D0012303E07B683A685C
S32D0000D8B81A63002318461037BD4680BD80B584B000AF786000217868FFF794FF0346FB73FB7B002B40F09380A8
S32D0000D8E07B681B78032B7DD17B685B79002B79D07B6800221A637B6834334FF4007200211846FFF75DFF7B68C8
S32D0000D908552283F832227B68AA2283F833227B68522283F834207B68522283F835207B68612283F836207B68C5
S32D0000D930412283F837207B68722283F818227B68722283F819227B68412283F81A227B68612283F81B227B683D
S32D0000D9581B69DAB27B6883F81C227B681B699BB21B0A9BB2DAB27B6883F81D227B681B691B0CDAB27B6883F82E
S32D0000D9801E227B681B691B0EDAB27B6883F81F227B68DB68DAB27B6883F820227B68DB689BB21B0A9BB2DAB2BB
S32D0000D9A87B6883F821227B68DB681B0CDAB27B6883F822227B68DB681B0EDAB27B6883F823227B6858787B6821
S32D0000D9D003F134017B685A69012301F01FF87B6800225A717B685B7800220021184601F0E1F80346002B14BFF6
S32D0000D9F801230023DBB2002B01D00123FB73FB7B18461037BD4680BD80B582B000AF78600B467B807B68002BFC
S32D0000DA2008D07B681B78002B04D07B68DB887A889A4201D0092311E07B685B78184601F03BF9034603F0010300
S32D0000DA48002B14BF01230023DBB2002B01D0032300E0002318460837BD4680BD80B586B000AF78607B681A6885
S32D0000DA707B689B8819461046FFF7CAFF0346FB75FB7D002B40F0AC807B689B7903F02003002B00F0A5807B6826
S32D0000DA989B7903F04003002B1BD07B681B6858787B6803F128017B689A69012300F0B2FF0346002B14BF0123B4
S32D0000DAC00023DBB2002B01D001238AE07B689B7923F04003DAB27B689A717B681A687B68DB6919461046FFF700
S32D0000DAE889FE0346FB75FB7D002B75D17B681B6A3B613B690B331A783B690B3342F02002D2B21A707B68DA6806
S32D0000DB103B691C33D2B21A707B68DB689BB21B0A9AB23B691D33D2B21A707B68DB681A0C3B691E33D2B21A70B1
S32D0000DB387B68DB681A0E3B691F33D2B21A707B681A693B691A33D2B21A707B681B699BB21B0A9AB23B691B33F1
S32D0000DB60D2B21A707B681B691A0C3B691433D2B21A707B681B691B0C9BB21B0A9AB23B691533D2B21A7000239A
S32D0000DB88FB603B691633FA68D2B21A70FB689BB21B0A9AB23B691733D2B21A70FB681A0C3B691833D2B21A7014
S32D0000DBB0FB681A0E3B691933D2B21A707B689B7923F02003DAB27B689A717B681B6801221A717B681B6818463F
S32D0000DBD8FFF774FE0346FB75FB7D18461837BD4680BD80B584B000AF78607868FFF736FF0346FB73FB7B002B46
S32D0000DC0002D17B6800221A60FB7B18461037BD4680BD000080B588B000AF7860396080233B610F23FB604FF0B1
S32D0000DC28FF337B610223FB61FB69B3F5807F23D80123BB61BB69102B1AD8FB69BA6902FB03F33A6803FB02F29A
S32D0000DC507B68D31ABB60BB68002B09DBBB687A699A4205D9BB687B61FB693B61BB69FB60BB690133BB61E1E70F
S32D0000DC78FB695B00FB61D7E71D4BDB6A1C4A23F00803D3621A4BDB6A23F47F2323F47F63BB613B695B081B02A3
S32D0000DCA09AB2FB68013B1B01DBB21A43BB691343114A43F46023D3620F4B5B6A03F00803002B0CBF0123002347
S32D0000DCC8DBB2002B03D00A2001F01AF9F0E7084BDB6A074A43F00803D362054B1B6B044A43F48013136300BF1F
S32D0000DCF02037BD4680BD00BF00100B4080B582B000AF786039607B6800221A60414B424ADA62404BDB6A03F038
S32D0000DD188073002B14BF01230023DBB2002B00D0F3E73A4B0022C3F8C020384B4FF481325A60364B28229A6207
S32D0000DD40344B4FF001125A643B689B6833491846FFF760FF2F4B5B6A03F00303002B14BF01230023DBB2002B1C
S32D0000DD6800D0F3E72C4B40F243421A602A4B40F243425A60284B4FF488629A60264B40F24342DA60244B40F2B8
S32D0000DD9043421A61224B40F243425A61214B03F580531B6B1F4A43F4003302F580521363184B4FF6FF721A6321
S32D0000DDB8164B1B4A5A63154BDB6A144A43F00063D362124BDB6A03F00063002B14BF01230023DBB2002B00D027
S32D0000DDE0F3E70C4B5B6A03F48033002B14BF01230023DBB2002B02D07B6801221A60054B1B6B044A43F080034C
S32D0000DE081363002318460837BD4680BD00100B400080000160CC050000D0044000700440B3007F0080B400AF8C
S32D0000DE30064B5A6A40F207331340002B14BF01230023DBB21846BD4680BC704700100B4080B485B000AF78607F
S32D0000DE58074B1B6B7A681340FB60FB68002B00D1F6E7FB6818461437BD4680BC704700BF00100B4080B584B073
S32D0000DE8000AF78607B681B7803F03F03764A52F82330FB60FB68002B05D17B681B78002B01D00123DCE0714B18
S32D0000DEA81B6B704A43F0800313636E4B5B6A03F00103002B14BF01230023DBB2002B00D0F3E7684A7B685B686C
S32D0000DED09360FB6823F44003FB607B685B789B0503F44003FA681343FB607B685B78022B03D1FB6843F4001312
S32D0000DEF8FB607B685B78042B16D1FB6803F44033B3F5003F08D1FB6823F44033FB60FB6843F44033FB6007E0B1
S32D0000DF20FB6823F44033FB60FB6843F40033FB604E4B5B684D4A9BB253607B68DB68002B2AD0FB6803F4403358
S32D0000DF48B3F5403F03D0FB6843F40013FB607B681B7A002B03D0FB6843F01003FB607B68DB68012B03D9FB689E
S32D0000DF7043F02003FB607B68DB68B3F1FF3F0BD03A4B5A687B68DB681B04384913434B60FB6843F00203FB60EB
S32D0000DF98344B00221A60334AFB68D3603248FFF753FF0346012B14BF01230023DBB2002B09D02C4B1B6B2B4AD9
S32D0000DFC043F4702343F001031363012348E0274B1B6B03F08003002B14BF01230023DBB2002B07D0214B1B6B3C
S32D0000DFE8204A43F001131363012335E01D4B1B6B03F48033002B14BF01230023DBB2002B08D0184B1B6B174AF4
S32D0000E01043F0011313634FF0FF3321E0FB6803F44033002B15D0114B1A697B681A61FB6803F44033B3F5803F65
S32D0000E0380BD10C4B5A697B685A610A4B9A697B689A61084BDA697B68DA61064B1B6B054A43F001031363002346
S32D0000E06018461037BD4680BDE48E010000100B4001000E0080B592B000AF7860396000237B643B68BB63994B92
S32D0000E0887B637B6B002B02D140F601235FE3964B3B633B6B002B02D140F60B2357E33B6B1B68FB62FB6A002B35
S32D0000E0B002D140F60B234EE37B6841F20932934200F23F837B68B3F5985F08D87B68032B00F01A837B68092BE9
S32D0000E0D800F0098331E37B68A3F59853013B082B00F22B8301A252F823F000BF19E1000005E4000061E600002C
S32D0000E1001BE4000059E400007FE50000C7E5000009E5000023E500007649786BFFF7EEFD78647B6C002B40F00E
S32D0000E1281083002387F84330002387F82B30002387F82A30002387F82930002387F84230002387F828300023FC
S32D0000E1503B7200237B720023FB6000233B7400237B6107F108031846FFF788FE0346002B14BF01230023DBB29D
S32D0000E178002B02D001237B64E8E240F24C4000F0BFFE08233B7200237B724FF4D573FB6000233B7400237B61A5
S32D0000E1A007F108031846FFF769FEF863FB6B002B09D1BA69FB689A4202D001237B64C9E2012387F842300123B2
S32D0000E1C887F8283097F82830002B00F0A58037233B7200237B720023FB6000233B7400237B6107F10803184664
S32D0000E1F0FFF744FEF863FB6B002B02D001237B64A8E269233B7200237B720023FB6000233B7400237B6107F1EE
S32D0000E21808031846FFF72EFE0346002B14BF01230023DBB2002B02D001237B648EE2BB6903F44013002B6FD0EA
S32D0000E2400023FB630A2000F05FFEFB6B0133FB6337233B7200237B720023FB6000233B7400237B6107F1080357
S32D0000E2681846FFF707FE0346002B14BF01230023DBB2002B02D001237B6428E069233B7200237B7297F84230C2
S32D0000E290002B02D0184BFB6002E04FF44013FB6000233B7400237B6107F108031846FFF7E5FD0346002B14BF81
S32D0000E2B801230023DBB2002B02D001237B6406E0BB69002B03DBFB6B632B00D8B6E77B6C002B40F03882FB6B86
S32D0000E2E0632B0BD9002387F8423019E01417002018190020D88E010000003040012387F8433097F84230002BDC
S32D0000E3080AD0002387F84230BB6903F08043002B02D0012387F8423097F82A30002B02D07B6B07221A6097F80F
S32D0000E3302930002B02D07B6B08221A6097F82B30002B02D07B6B04221A6097F84330002B09D07B6B02221A60E8
S32D0000E35897F84230002B02D07B6B03221A6097F82B30002B0DD097F84330002B09D07B6B05221A6097F8423094
S32D0000E380002B02D07B6B06221A60924B00221A60904B00225A608F4B00229A608D4B0022DA608C4B00221A611C
S32D0000E3A88A4B00225A61FB6A9A68FB6A5B6819461046FFF72BFC854B40F243421A60834B40F243425A60814B28
S32D0000E3D04FF488629A607F4B40F24342DA607D4B40F243421A617B4B40F243425A617A4B03F580531B6B784A33
S32D0000E3F843F4003302F580521363A7E1B86BFFF739FDF863FB6B002B00F09F8102237B649BE1BB6B002B02D1D7
S32D0000E4200C237B6496E16D4BDB6A1B0A5B0003F4FF73FB63694BDB6A1B0903F00F035A1CFB6B02FB03F3FB63B6
S32D0000E448FB6A9A68FB6BB2FBF3F2BB6B1A607DE1BB6B002B02D10C237B6477E1BB6B1B68002B02D10C237B640A
S32D0000E47070E1FFF7DBFC0346002B0CBF01230023DBB2002B3CD0534B00221A60514B00225A60504B00229A60AD
S32D0000E4984E4B0022DA604D4B00221A614B4B00225A61FB6A9A68BB6B1B6819461046FFF7ADFB464B40F243420E
S32D0000E4C01A60444B40F243425A60424B4FF488629A60404B40F24342DA603E4B40F243421A613C4B40F243428B
S32D0000E4E85A613B4B03F580531B6B394A43F4003302F58052136329E140F60A237B6425E1BB6B002B02D10C23A3
S32D0000E5107B641FE1314B5B68C3F30C02BB6B1A6018E1BB6B002B02D10C237B6412E1FFF77DFC0346002B0CBF8F
S32D0000E53801230023DBB2002B19D0BB6B1B68B3F5805F02D30C237B6400E1224B5B68214A23F4FF5323F01F03A0
S32D0000E56053601E4B5A68BB6B1B68C3F30C031B4913434B60EEE040F60A237B64EAE0BB6B002B02D10C237B64D0
S32D0000E588E4E0144B9B6A5B0803F00303FB63FB6B002B03D1BB6B00221A60D7E0FB6B012B03D1BB6B01221A607C
S32D0000E5B0D0E0FB6B102B03D1BB6B02221A60C9E005237B64C6E0BB6B002B09D10C237B64C0E000BF00D0044052
S32D0000E5D80070044000100B40FFF724FC0346002B0CBF01230023DBB2002B31D0BB6B1B68002B0AD1584B9B6A5A
S32D0000E600574A23F006039362554B554A9B6A9362A0E0BB6B1B68012B0CD1514B9B6A504A23F0060393624E4BEA
S32D0000E6289B6A4D4A43F0020393628FE0BB6B1B68022B0AD1484B9B6A474A23F006039362454B454A9B6A936288
S32D0000E65080E005237B647DE040F60A237B6479E0BB6B002B02D10C237B6473E03C4BDB6A3B4A43F00063D3629C
S32D0000E678394BDB6A03F00063002B14BF01230023DBB2002B00D0F3E7334B1B6B03F08003002B14BF01230023EF
S32D0000E6A0DBB2002B08D02E4B1B6B2D4A43F0800313637B6B00221A60294B5B6A03F48033002B14BF0123002370
S32D0000E6C8DBB2002B07D07B6B1B68002B06D17B6B01221A6002E07B6B00221A607B6B1A68BB6B1A6032E0BB6B03
S32D0000E6F01C221A60BB6B043304221A60BB6B08334FF41E721A6025E00220FFF7A1FB144B1B6B03F4E003002BF6
S32D0000E71814BF01230023DBB2002B07D00E4B1B6B0D4A43F4E003136304237B640A4B1B6B094A43F03203136352
S32D0000E74008E040F609237B6404E000BF02E000BF00E000BF7B6C18464837BD4680BD00BF00100B4080B489B014
S32D0000E76800AF786039607B687B61364B3B613B69002B01D100235FE03B691B68022B0BD03B691B68032B07D029
S32D0000E7903B691B68072B03D03B691B68082B0BD12B4B5B6A03F00403002B14BF01230023DBB2002B00D0F3E71D
S32D0000E7B83B68FB61FB69002B3DD0FB69B3F5007F28BF4FF40073FB60FB6803339B08BB61BB69002B2AD01C4B0D
S32D0000E7E01B6B03F4E003002B14BF01230023DBB2002B09D0164B1B6B154A43F4E00343F02003136300231BE08B
S32D0000E808114B5B6A03F40063002B0CBF01230023DBB2002B00D0F3E70B497B691A1D7A610A6A1A60BB69013B30
S32D0000E830BB61D1E7FA69FB68D31AFB61BEE7012318462437BD4680BC704700BF1417002000100B4080B58EB087
S32D0000E85800AFB9607A601A460346FB731346BB73414B7B63FB7B002B02D1BB7B002B01D1042375E03D4B1B78AA
S32D0000E880DBB203F00103002B14BF01230023DBB2002B01D0032367E0BB68002B01D1002362E07B6B1B7B002B7F
S32D0000E8A802D17B685B027B60BB7B012B28D111233B7500237B757B68BB6101233B77BB7B3B6207F114031946EC
S32D0000E8D041F20230FFF7CEFB0346002B0CBF01230023DBB2002B38D04FF40071B868FFF739FF0346002B14BF67
S32D0000E8F801230023DBB2002B2BD00023BB7328E012233B7500237B757B68BB6101233B77BB7B3B6207F11403F0
S32D0000E920194641F20230FFF7A5FB0346002B0CBF01230023DBB2002B0FD0BB7B5B021946B868FFF70FFF0346F3
S32D0000E948002B14BF01230023DBB2002B01D00023BB73BB7B002B01D0012300E0002300BF18463837BD4680BD5D
S32D0000E970001700200000002080B487B000AF786039607B68FB603B687B617B69002B3DD07B69B3F5007F28BFCC
S32D0000E9984FF400733B617A693B69D31A7B613B6903339B083B613B69002BEAD0184B1B6B03F4E003002B14BF4C
S32D0000E9C001230023DBB2002B0AD0134B1B6B124A43F4E00343F0100313634FF0FF3316E00D4B5B6A03F48063DC
S32D0000E9E8002B0CBF01230023DBB2002B00D0F3E7FB681A1DFA60064A1B6813623B69013B3B61D0E70123184671
S32D0000EA101C37BD4680BC704700100B4080B58EB000AFB9607A601A460346FB731346BB735D4B7B63FB7B002B5A
S32D0000EA3802D1BB7B002B01D10423ADE0594B1B78DBB203F00103002B14BF01230023DBB2002B01D003239FE0C8
S32D0000EA60524B1B78DBB203F00403002B14BF01230023DBB2002B01D0022391E0BB68002B01D100238CE07B6BD8
S32D0000EA881B7B002B02D17B685B027B60BB7B012B28D118233B7500237B757B68BB6100233B77BB7B3B6207F1B9
S32D0000EAB01403194641F20230FFF7DCFA0346002B0CBF01230023DBB2002B38D04FF40071B868FFF751FF0346E8
S32D0000EAD8002B14BF01230023DBB2002B2BD00023BB7328E019233B7500237B757B68BB6100233B77BB7B3B6219
S32D0000EB0007F11403194641F20230FFF7B3FA0346002B0CBF01230023DBB2002B0FD0BB7B5B021946B868FFF74C
S32D0000EB2827FF0346002B14BF01230023DBB2002B01D00023BB730D233B7500237B757B6B1B69BB6100233B77E3
S32D0000EB5000233B6207F11403194641F20230FFF789FA0346002B14BF01230023DBB2002B01D0012314E07A6A78
S32D0000EB780D4B1340002B01D001230DE07B6A03F4F853B3F5106F00D0D5E7BB7B002B01D0012300E0002300BFC5
S32D0000EBA018463837BD4680BD00170020000000200880D9FF80B58CB000AF03463A60FB710B46BB713A4BBB62F5
S32D0000EBC8FB79002B01D0042369E0012387F82F30364B1B78DBB203F00103002B14BF01230023DBB2002B01D0D7
S32D0000EBF0032358E0BB79032B50D801A252F823F011EC000019EC000029EC000039EC0000002387F82F3044E0AE
S32D0000EC18BB6A9A683B681A60002387F82F303CE03B684FF400721A80002387F82F3034E009233B7200237B727D
S32D0000EC40BB6A1B69FB6000233B7400237B6107F10803194641F20230FFF70CFA0346002B14BF01230023DBB2F3
S32D0000EC68002B01D001231AE07B6A03F44003002B0CD13B6A9B0C03F07F035A1C7B6A1B0A03F00303013B9A40ED
S32D0000EC903B681A60002387F82F3002E0042387F82F3097F82F3018463037BD4680BD00BF001700200000002048
S32D0000ECB880B483B000AF0346FB71FB79002B01D0012302E0034B1B78DBB218460C37BD4680BC704700000020C8
S32D0000ECE080B483B000AF7860164B03F580539B6B144A43F0010302F580529363124A7B689360114B05225A6023
S32D0000ED080F4B1B680E4A43F0010313600C4B1B6803F08003002B0CBF01230023DBB2002B00D0F3E7064B1B683B
S32D0000ED30054A23F00103136000BF0C37BD4680BC704700BF007004400000044080B582B000AF786039607B68C3
S32D0000ED58012B07D13B684FF6FF72934202D1034800F00EF800BF0837BD4680BD2019002080B500AF4FF6FF7117
S32D0000ED800120FFF7E3FF80BD80B483B000AF78607B6800221A707B6818460C37BD4680BC7047000080B582B0D1
S32D0000EDA800AF78607B681B7883F00103DBB2002B21D0134B03F580531A464FF400639362104B4FF440721A6230
S32D0000EDD00E4B4FF440725A620D4B1B68DA0F13445B104FF4614219460A48FEF7FDFB642000F08AF87B68012205
S32D0000EDF81A70012300E0002318460837BD4680BD0070044000D004402419002000B00E4080B582B000AF78604E
S32D0000EE20084611461A460346FB700B46BB7013467B707F210E48FEF7AAFC08210C48FEF7A6FCFB7819460A4882
S32D0000EE48FEF7A1FCBB7819460748FEF79CFC7B7819460548FEF797FCFF210348FEF793FC00BF0837BD4680BD48
S32D0000EE7000B00E4080B487B000AFF860B9607A60FB681F4AA2FB03239B09BA6813447B61FB681B4AA2FB03120F
S32D0000EE9892094FF47A7101FB02F29B1AFB60FB68DB03154AA2FB03239B097A6813443B613B69DB0B7A691344E3
S32D0000EEC07B613B69C3F30E033B610E4B1B687A699A4209D80B4B1B687A699A4206D1094B5B683A699A4201D9E6
S32D0000EEE8012300E00023002B00D0EAE700BF1C37BD4680BC704700BFD34D621000D0034080B584B000AF7860AD
S32D0000EF10074B1B68FB60064B5B68BB607B68BA68F9681846FFF7A6FF00BF1037BD4680BD00D0034080B584B053
S32D0000EF3800AFC7E900010E4B1B68FB600C4B5B68BB604FF000020B4BD7E9000102F0E0FE02460B461046194669
S32D0000EF6003F09CF90346BA68F9681846FFF782FF00BF1037BD4680BD00D0034000408F4080B584B000AF786002
S32D0000EF880B46FB700B23FB73FA7BFB781946786800F094F87B6818461037BD4680BD000080B485B000AF7860A8
S32D0000EFB07B68103B002B00DA1F335B11FB60FB68022B53D0FB68022B75DCFB68002B03D0FB68012B25D06EE020
S32D0000EFD8394BD3F880217B68103B594203F01F0301F01F0158BF4B42012101FA03F332491343C1F88031304BBF
S32D0000F0001A687B68103B594203F01F0301F01F0158BF4B42012101FA03F3294913430B6049E0274BD3F884217C
S32D0000F0287B68103B594203F01F0301F01F0158BF4B42012101FA03F31F491343C1F884311D4B5A687B68103B90
S32D0000F050594203F01F0301F01F0158BF4B42012101FA03F3164913434B6024E0144BD3F888217B68103B59421A
S32D0000F07803F01F0301F01F0158BF4B42012101FA03F30D491343C1F888310B4B9A687B68103B594203F01F0339
S32D0000F0A001F01F0158BF4B42012101FA03F3044913438B6000BF00BF1437BD4680BC704700E100E080B584B003
S32D0000F0C800AF78600B46FB701346BB707B68FA781A70BB78FB737B681B781A46574B9B5C042B00F2A68001A27A
S32D0000F0F052F823F009F1000055F10000A1F1000039F20000EDF10000FB7B1B0403F470234D497A681278104643
S32D0000F1184C4A52F8202043F4897343F0010341F82230494B5A697B681B781946454B53F8213003F01F03012125
S32D0000F14001FA03F3DB43424913404B616720FFF72BFF72E0FB7B1B0403F470233D497A6812781046394A52F8DB
S32D0000F168202043F4897343F0010341F82230384B5A697B681B781946324B53F8213003F01F03012101FA03F3E8
S32D0000F190DB43314913404B616820FFF705FF4CE0FB7B1B0403F470232C497A6812781046264A52F8202043F485
S32D0000F1B8897343F0010341F82230274B5A697B681B7819461F4B53F8213003F01F03012101FA03F3DB432049AC
S32D0000F1E013404B616920FFF7DFFE26E0FB7B1B0403F470231B497A6812781046134A52F8202043F4897343F00E
S32D0000F208010341F82230164B5A697B681B7819460C4B53F8213003F01F03012101FA03F3DB430F4913404B61C0
S32D0000F2306B20FFF7B9FE00E000BF00BF1037BD4680BD00BFE48F0100009004402890010000F00F4000A00440B0
S32D0000F25840F00F4000B0044080F00F4000D0044000F10F40B0B48BB000AF224B3C1D1D460FCD0FC495E80F0050
S32D0000F28084E80F0000237B627B6A072B30DC1C4BD3F8A0207B6A9B0028333B4453F8243C012101FA03F3134065
S32D0000F2A8002B14BF01230023DBB2002B18D0134A7B6A52F823305A1C10497B6A41F823200D4BD3F8A0207B6A7C
S32D0000F2D09B0028333B4453F8243C012101FA03F307491340C1F8A0307B6A01337B62CBE700BF2C37BD46B0BC78
S32D0000F2F8704700BF2C91010000A0044050190020B0B489B000AF224B3C1D1D460FCD0FC495E8030084E8030034
S32D0000F3200023FB61FB69052B30DC1C4BD3F8A020FB699B0020333B4453F81C3C012101FA03F31340002B14BFD6
S32D0000F34801230023DBB2002B18D0FB690833124A52F823200132104941F823200D4BD3F8A020FB699B002033EB
S32D0000F3703B4453F81C3C012101FA03F307491340C1F8A030FB690133FB61CBE700BF2437BD46B0BC704700BF69
S32D0000F3984C91010000B0044050190020B0B48DB000AF234B3C461D460FCD0FC40FCD0FC495E8070084E80700F4
S32D0000F3C00023FB62FB6A0A2B30DC1C4BD3F8A020FB6A9B0030333B4453F8303C012101FA03F31340002B14BF0A
S32D0000F3E801230023DBB2002B18D0FB6A0E33124A52F823200132104941F823200D4BD3F8A020FB6A9B00303333
S32D0000F4103B4453F8303C012101FA03F307491340C1F8A030FB6A0133FB62CBE700BF3437BD46B0BC704700BFA2
S32D0000F438649101000090044050190020B0B487B000AF214B3C461D460FCD0FC42B68236000237B617B69042BE1
S32D0000F46030DC1C4BD3F8A0207B699B0018333B4453F8183C012101FA03F31340002B14BF01230023DBB2002B35
S32D0000F48818D07B691933124A52F823200132104941F823200D4BD3F8A0207B699B0018333B4453F8183C012160
S32D0000F4B001FA03F307491340C1F8A0307B6901337B61CBE700BF1C37BD46B0BC704700BF9091010000D004403E
S32D0000F4D85019002080B483B000AF78607B681B781A46044B53F8223018460C37BD4680BC704700BF50190020EE
S32D0000F50080B483B000AF78607B681B781946044B002243F8212000BF0C37BD4680BC70475019002080B483B045
S32D0000F52800AF78600B46FB707B68FA781A707B6818460C37BD4680BC704700000000000080B586B000AF786027
S32D0000F5507B681B781A463E4B53F822303B617B681B781A463B4B9B5CFB733B69DBB203F01F03DAB2384B1A7253
S32D0000F5783B69DBB203F01F03DAB2354B5A72354B1022C3F88820FB7B002B13D13049324800F05AFA304B1B6878
S32D0000F5A003F08003802B14BF01230023DBB2002B00D0F3E72A4B1B697B6112E02649294800F046FA274B1B68D4
S32D0000F5C803F08003802B14BF01230023DBB2002B00D0F3E7214B1B697B611E4BD3F888311C4A43F01003C2F859
S32D0000F5F088311A4B9B68194A43F0100393607B699BB2184602F00EFB0DA3D3E9002302F083FB02460B461046B8
S32D0000F61819460BA3D3E9002302F0A4FC02460B461046194602F056FE0346BB60BB6818461837BD4680BD00BF7F
S32D0000F640A4703D0AD7A30A4000000000E0FFEF40A8900100049001003019002000E100E000B0034000B00B4089
S32D0000F66880B586B000AF78607B681B781A46234B53F822303B617B681B781A46204B9B5CFB733B69DBB203F03B
S32D0000F6901F03DAB21D4B1A723B69DBB203F01F03DAB21A4B5A72FB7B002B13D11749184800F0CEF9164B1B68C7
S32D0000F6B803F08003802B14BF01230023DBB2002B00D0F3E7104B1B697B6112E00D490F4800F0BAF90D4B1B68AF
S32D0000F6E003F08003802B14BF01230023DBB2002B00D0F3E7074B1B697B617B6918461837BD4680BDA8900100A3
S32D0000F708049001004019002000B0034000B00B4098B500AF204B5C221A701F4B10225A701D4B41F234225A8037
S32D0000F7301B4B45F278629A80194B10229A71184B0722DA71164B4FF4C022DA60144B1F221A72134B1F225A724B
S32D0000F7581149124800F078F90F49114800F074F90F4800F0D2F80D4800F0CFF80A490C4800F06AF908490948A7
S32D0000F78000F066F9094A064B14460FCB84E80F00064B5C221A70054B0422DA7100BF98BD3019002000B003402F
S32D0000F7A800B00B404019002080B500AF064B1B680133054A136000F03DF8044B0122C3F80C2100BF80BD00BFD7
S32D0000F7D0D41900200070034080B500AF0C4B01221A600C4800F01AF8094B0322C3F80821094BD3F88831084A96
S32D0000F7F843F01003C2F88831054B9B68044A43F01003936000BF80BD00700340A086010000E100E080B483B052
S32D0000F82000AF7860044A7B68C2F8003100BF0C37BD4680BC704700BF0070034080B584B000AF174B1B68FB6055
S32D0000F848FB68002B24D0FB685B78FB71FB689B68184600F023F80346BB71BB79002B13D0FB685B68012B0FDDAA
S32D0000F870FB689B681B69BB60BB68002B08D0BB685B685A1CBB685A60BB681B69BB60F3E7FB68DB68FB60D7E7AB
S32D0000F89800BF1037BD4680BDD019002080B584B000AF78607868FFF7DBFEF8607B689B695B78FB72FB7A002B35
S32D0000F8C00FD17B68DB68FA689A420ADD7B689B6901225A707B685B685A1C7B685A60012313E0FB7A012B0FD1CA
S32D0000F8E87B689B68FA689A420ADA7B689B6900225A707B685B685A1C7B685A60012300E0002318461037BD468F
S32D0000F91080BD80B485B000AF78607B681B6A23F040027B681A627B685B6A23F00B027B685A627B685B6A43F03E
S32D0000F93807027B685A627B685B6A43F080027B685A627B681B6803F08003002B0CBF01230023DBB2002B00D05C
S32D0000F960F3E77B685B6A03F04003402B0CBF01230023DBB2002B01D0012364E00023FB817B68DB6CFB817B682B
S32D0000F9889B6C9AB2FB891344FB817B685B6C9AB2FB891344FB817B681B6C9AB2FB891344FB817B68DB6B9AB2D8
S32D0000F9B0FB891344FB817B689B6B9AB2FB891344FB81FB895B08FB81FB896FEA43436FEA5343FB81FA897B68AF
S32D0000F9D8DA620023FB817B68DB6EFB817B689B6E9AB2FB891344FB817B685B6E9AB2FB891344FB817B681B6E34
S32D0000FA009AB2FB891344FB817B68DB6D9AB2FB891344FB817B689B6D9AB2FB891344FB81FB895B08FB81FB89F2
S32D0000FA286FEA43436FEA5343FB81FA897B681A637B685B6A23F080027B685A62002318461437BD4680BC7047E5
S32D0000FA5080B483B000AF786039603B681B781A467B689A603B685B781A467B68DA603B685B881A467B689A61D7
S32D0000FA783B689B881A467B68DA613B689B791A467B681A623B68DB791A467B685A623B68DA687B681A653B68C6
S32D0000FAA01B7A1A467B681A603B685B7A1A467B685A6000BF0C37BD4680BC704780B483B000AF78607B6818464A
S32D0000FAC80C37BD4680BC704780B582B000AF786039607B68012B07D13B684FF6FF72934202D10348FFF7E6FF42
S32D0000FAF000BF0837BD4680BDD819002080B500AF4FF6FF710120FFF7E3FF80BD80B582B000AF7860B84B4FF496
S32D0000FB188072DA60B74B4FF480729A64B54B4FF480721A64B34B4FF480725A64B14B4FF48072DA60B04B5B6990
S32D0000FB40AF4A43F008035361AE4B5B69AD4A43F480235361AB4B5B69AA4A43F480335361A84B5B69A74A43F43F
S32D0000FB6800335361A54B1B68A44A43F008031360A24B5B69A14A43F0080353619E4B1B689D4A43F008031360E4
S32D0000FB909A4B4FF480725A62984B4FF480721A62954B4FF480721A61934B4FF480725A61914B4FF480729A6173
S32D0000FBB88F4B4FF48072DA618D4B4FF480721A638B4B4FF480725A63894B4FF480729A63874B4FF48072DA6339
S32D0000FBE0854B4FF480721A64834B4FF480725A64814B4FF480729A647F4B4FF48072DA64814B4FF480721A60FC
S32D0000FC087F4B4FF480729A607D4B4FF48072DA607B4B4FF480721A61784B5B69774A43F440735361744B5B69BF
S32D0000FC30734A43F47F2343F0F0035361734B5B69724A43F01D035361E221786800F098FD1D21786800F03AFE43
S32D0000FC580221786800F036FE0421786800F032FEE021786800F088FD0121786800F02AFE6420FFF745F9E02109
S32D0000FC80786800F07DFD0321786800F01FFE0121786800F075FD0120FFF736F9E621786800F06EFD012178680D
S32D0000FCA800F010FEA021786800F00CFEFF21786800F008FEB021786800F05EFD1C21786800F000FE0F21786888
S32D0000FCD000F0FCFD0121786800F0F8FD3F21786800F0F4FD0021786800F0F0FDEF21786800F0ECFD002178686D
S32D0000FCF800F0E8FDB421786800F03EFD0121786800F0E0FD9921786800F0DCFD0021786800F0D8FD45217868EB
S32D0000FD2000F0D4FD0221786800F0D0FD0021786800F0CCFD0021786800F0C8FD0021786800F0C4FDB62178685B
S32D0000FD4800F01AFD0121786800F0BCFD0921786800F0B8FD0021786800F0B4FD0E21786800F0B0FD02217868DB
S32D0000FD7000F0ACFD0021786800F0A8FD0021786800F0A4FDBA21786800F0FAFC0F21786800F09CFD6420FFF7F0
S32D0000FD98B7F83A21786800F0EFFC6021786800F091FD2A21786800F0E7FC0021786800F089FD0021786800F033
S32D0000FDC085FD0121786800F081FD3F21786800F07DFD2B21786800F0D3FC0021786800F075FD0021786800F03A
S32D0000FDE871FD0021786800F06DFDEF2178680BE000B0044000A0044080F00F4040F00F4000C00440C0F00F4030
S32D0000FE1000F05CFD3621786800F0B2FC0021786800F054FDF021786800F0AAFC0421786800F04CFDB8217868E6
S32D0000FE3800F0A2FC0F21786800F044FD0121786800F040FD314B1B68304A43F0080313606420FFF755F8362156
S32D0000FE60786800F08DFC0021786800F02FFDF021786800F085FC0421786800F027FD0121786800F0BCF91E229C
S32D0000FE886F21786800F082F8AF225621786800F0DBF80021786800F0FFF9012301221C49786800F020FA2921BE
S32D0000FEB0786800F065FC6420FFF726F8BE21786800F05EFC0E21786800F000FDF021786800F0FCFC012178687B
S32D0000FED800F0F8FC0021786800F0F4FC0021786800F0F0FC0F21786800F0ECFC786800F01DFA0121786800F099
S32D0000FF00CFF90021786800F0A4F900BF0837BD4680BD00BF40F00F40A491010080B582B000AF78607B680022D8
S32D0000FF28DA617B6801221A627B680E225A607B681A229A607B6800225A617B6800229A617B684FF4A072DA60D6
S32D0000FF507B68F0221A617B6800221A70786801F0DDF87B6818460837BD4680BD80B582B000AF7860064B1B784C
S32D0000FF78002B05D1044B01221A707868FFF7C2FD00BF0837BD4680BD201A002080B58AB002AFF860B9607A60C6
S32D0000FFA07E23009362237A68B968F86800F016FE40F24E733B610023FB61FA693B699A4240DA0023BB61214A5E
S32D0000FFC8FB6913441B781A46BB69934232DAFB6901331C4AD35C002B06D1FF23FB75FF23BB75FF237B7512E041
S32D0000FFF0FB690133154AD35C012B06D1D423FB750023BB7526237B7505E0B523FB75BA23BB75B0237B757B7DD2
S32D00010018BA7DF97DF86800F0C9F80246FB68DA61F86801F077F8F86800F0B0FFBB690133BB61C4E7FB6902339E
S32D00010040FB61BAE700BF2037BD4680BD0400002080B58AB002AFF860B9607A602723009395237A68B968F868B7
S32D0001006800F0B8FD40F2E6333B610023FB61FA693B699A4240DA0023BB61214AFB6913441B781A46BB69934210
S32D0001009032DAFB6901331C4AD35C002B06D1FF23FB75FF23BB75FF237B7512E0FB690133154AD35C012B06D1F5
S32D000100B80023FB750023BB7500237B7505E0D423FB750023BB7526237B757B7DBA7DF97DF86800F06BF80246A8
S32D000100E0FB68DA61F86801F019F8F86800F052FFBB690133BB61C4E7FB690233FB61BAE700BF2037BD4680BD45
S32D000101085407002080B485B000AF78600B46FB70FB78062B29D801A252F823F049010100410101004F0101001D
S32D00010130570101005F010100650101006D0101006FF07F43FB6014E00023FB6011E04FF47F03FB600DE04FF4E1
S32D000101587F43FB6009E0FF23FB6006E04FF41903FB6002E0044BFB6000BFFB6818461437BD4680BC704700BF49
S32D000101809999990080B584B000AF786039603B681B0CFB733B681B0ABB733B687B737B7BBA7BF97B786800F0CE
S32D000101A805F8034618461037BD4680BD80B487B000AF7860084611461A460346FB700B46BB7013467B70FB781F
S32D000101D09B08DBB27B61BB789B08DBB23B617B789B08DBB2FB607B691A033B699B011A43FB68134318461C376F
S32D000101F8BD4680BC704780B582B000AF78600B46FB70FB7819467868FFF77CFF03461946786800F004F800BFE2
S32D000102200837BD4680BD80B582B000AF7860396039687868FFF7A6FF02467B681A62786800F06CFF786800F0DB
S32D00010248D9FB00BF0837BD4680BD80B582B000AF78600B46FB70FB7819467868FFF752FF03461946786800F05A
S32D0001027004F800BF0837BD4680BD80B582B000AF7860396039687868FFF77CFF02467B681A62786800F042FFF4
S32D0001029800BF0837BD4680BD80B582B000AF78600B46FB70FB7819467868FFF72BFF03461946786800F004F809
S32D000102C000BF0837BD4680BD80B582B000AF7860396039687868FFF755FF02467B68DA61786800F01BFF00BF70
S32D000102E80837BD4680BD80B586B000AFF860B9607A603B6000237B617B69BA6813441B78002B0FD07B69BA6869
S32D0001031013441B783A687968F86800F0F9FC7B680C337B607B6901337B61E9E700BF1837BD4680BD80B582B096
S32D0001033800AF7860FDF704F967210120FDF76FF800210220FDF76BF8A0210320FDF767F850210420FDF763F865
S32D0001036020210520FDF75FF820210620FDF75BF877210720FDF757F800210820FDF753F800210920FDF74FF800
S32D0001038800210A20FDF74BF804210B20FDF747F87B684FF0FF32DA637B684FF0FF321A6400BF0837BD4680BDA2
S32D000103B080B586B000AFF860B9607A600020FDF754F80346FB75FB7D03F00203002B00F0CE80FDF767F8E02074
S32D000103D8FDF718F80220FEF793FDFDF76DF80120FEF78EFDFDF75AF8A520FDF70BF80120FEF786FDFDF72DF89D
S32D0001040003469BB21B02BB82FDF727F803469AB2BB8A1343BB82FDF720F803469BB21B027B82FDF71AF8034652
S32D000104289AB27B8A13437B82BB8A1B09BB827B8A1B097B82FDF740F8FB68DB6BB3F1FF3F34D1FB681B6CB3F1EB
S32D00010450FF3F2FD1BA8AFB68DA637A8AFB681A647B8AC3F57F630F337B82BB8A184601F0E9FB49A3D3E9002355
S32D0001047801F04EFC02460B461046194601F02AFF0246BB681A607B8A184601F0D7FB42A3D3E9002301F03CFCBA
S32D000104A002460B461046194601F018FF02467B681A605AE0FB68DA6BBB8AD31A1946F86800F074F80346632B2C
S32D000104C80CDCFB681A6C7B8AD31A1946F86800F069F80346632B01DC012300E00023002B2FD0BA8AFB68DA6349
S32D000104F07A8AFB681A647B8AC3F57F630F337B82BB8A184601F09EFB23A3D3E9002301F003FC02460B46104669
S32D00010518194601F0DFFE0246BB681A607B8A184601F08CFB1CA3D3E9002301F0F1FB02460B461046194601F00D
S32D00010540CDFE02467B681A600FE0BB68164A1A607B68154A1A60FB684FF0FF32DA63FB684FF0FF321A640023F0
S32D0001056810E001230EE0BB680D4A1A607B680C4A1A60FB684FF0FF32DA63FB684FF0FF321A640023184618378A
S32D00010590BD4680BDAFF30080144001144001B43F1EE0011EE001AE3F000080BF80B483B000AF786039603B68E9
S32D000105B8002B02DA3B685B423B603B6818460C37BD4680BC704780B584B000AF786039600023FB60786800F021
S32D000105E0D0FAFB683A6813441B78002B12D07B6859697B689869FB683A6813441B780246786800F06AFB786851
S32D0001060800F0CFFAFB680133FB60E6E700BF1037BD4680BD80B590B000AF7860396007F10C033A68064918461A
S32D0001063003F006FA07F10C0319467868FFF7C7FF00BF4037BD4680BDB091010080B592B000AF786039604FF018
S32D000106580001386802F04EF90346002B1FD0386802F05CF903467B64786C01F03DFF03461946386801F082FE5D
S32D0001068003461F49184601F087FF0346184602F049F903463B6407F10C003B6C7A6C194903F0CEF922E03B68B0
S32D000106A883F000433B60386802F038F903467B64786C01F019FF03461946386801F05EFE03460D49184601F077
S32D000106D063FF0346184602F025F903463B6407F10C003B6C7A6C084903F0AAF907F10C0319467868FFF76BFFDC
S32D000106F800BF4837BD4680BD00007A44C0910100B491010080B582B000AF78603960786800F033FA39687868FA
S32D00010720FFF755FF786800F017FA00BF0837BD4680BD80B582B000AF78603960786800F020FA39687868FFF759
S32D0001074869FF786800F004FA00BF0837BD4680BD80B582B000AF78603960786800F00DFA39687868FFF76EFFCC
S32D00010770786800F0F1F900BF0837BD4680BD000080B483B000AF78600B46FB704D4B1B684C4A23F00803136076
S32D000107984B4B1B684A4A23F480231360484B1B68474A43F480331360454B1B68444A23F440731360414B1B6867
S32D000107C0404A23F4435323F0300313603E4B1A68FB785B0203F400733B4913430B603A4B1A68FB785B101B028E
S32D000107E803F48073364913430B60344B1A68FB789B101B0103F01003304913430B602F4B1A68FB78DB105B0187
S32D0001081003F020032B4913430B602A4B1A68FB781B119B0103F04003264913430B60254B1A68FB785B11DB0129
S32D00010838DBB2224913430B60204B1A68FB789B111B0303F480531D4913430B601B4B1A6897F90330DB115BB219
S32D000108605B0303F40053174913430B60164B1B68154A23F400331360134B1B68124A43F4003313600F4B1B68A9
S32D000108880E4A43F0080313600D4B1B680C4A43F440731360094B1B68084A43F4435343F030031360064B1B6807
S32D000108B0054A43F48023136000BF0C37BD4680BC704700BF80F00F4040F00F4080B483B000AF78600B46FB70DE
S32D000108D8464B1B68454A23F008031360444B1B68434A43F480331360414B1B68404A43F4802313603E4B1B68CF
S32D000109003D4A23F4407313603A4B1B68394A23F4435323F030031360374B1A68FB785B0203F400733449134302
S32D000109280B60334B1A68FB785B101B0203F480732F4913430B602D4B1A68FB789B101B0103F010032949134315
S32D000109500B60284B1A68FB78DB105B0103F02003244913430B60234B1A68FB781B119B0103F040031F491343FB
S32D000109780B601E4B1A68FB785B11DB01DBB21B4913430B60194B1A68FB789B111B0303F48053164913430B6080
S32D000109A0144B1A6897F90330DB115BB25B0303F40053104913430B600F4B1B680E4A23F4003313600C4B1B68FD
S32D000109C80B4A43F400331360084B1B68074A43F008031360064B1B68054A23F48023136000BF0C37BD4680BC65
S32D000109F0704700BF80F00F4040F00F4080B586B000AF78607B6800225A617B6800229A617B681B6AFB60FB684C
S32D00010A18FB72FB681B0ABB72FB681B0CDBB203F003037B722A217868FFF7A6FE00217868FFF748FF002178688C
S32D00010A40FFF744FF01217868FFF740FF3F217868FFF73CFF2B217868FFF792FE00217868FFF734FF00217868C9
S32D00010A68FFF730FF00217868FFF72CFFEF217868FFF728FF2C217868FFF77EFE314B1B68304A23F440731360B6
S32D00010A902F4B1B682E4A23F47F2323F0F00313602C4B1B682B4A23F01D031360274B1A687B681B6B254913435A
S32D00010AB80B60254B1A687B685B6B234913430B60224B1A687B689B6B204913430B601E4B1B681D4A23F0080369
S32D00010AE013601A4B1B68194A43F48023136000237B617B69EF2B19D800233B613B69B3F5A07F0FD2114B1B6804
S32D00010B08104A23F4003313600E4B1B680D4A43F4003313603B6901333B61EBE77B6901337B61E2E7084B1B68BE
S32D00010B30074A43F008031360044B1B68034A23F48023136000BF1837BD4680BD40F00F4080F00F40C0F00F40BD
S32D00010B5880B483B000AF78607B689B69002B07DD7B685B695A1C7B685A617B6800229A6100BF0C37BD4680BC8E
S32D00010B80704780B582B000AF78607B685A697B685B689A4205DB7B6800225A617868FFF72DFF00BF0837BD46D6
S32D00010BA880BD80B582B000AF78607B689B695A1C7B689A617B689A697B689B689A4205D17868FFF7C5FF7868C0
S32D00010BD0FFF7D7FF00BF0837BD4680BD80B588B000AFF860B9607A603B60FB681B78022B03D0FB681B78032BD0
S32D00010BF811D17B68FB61BA6AFB691344013BBB61FB68DA68BB68D31A3B613B683A69D31A01337B610DE0BB68D2
S32D00010C20FB613A68FB691344013BBB617B687B61BA6A7B691344013B3B612A21F868FFF79FFDFB691B0ADBB24B
S32D00010C4803F00F03DBB21946F868FFF73BFEFB69DBB21946F868FFF735FEBB691B0ADBB203F00F03DBB219465D
S32D00010C70F868FFF72BFEBB69DBB21946F868FFF725FE2B21F868FFF77BFD7B691B0ADBB203F00F03DBB21946AC
S32D00010C98F868FFF717FE7B69DBB21946F868FFF711FE3B691B0ADBB203F00F03DBB21946F868FFF707FE3B6947
S32D00010CC0DBB21946F868FFF701FE2C21F868FFF757FD00BF2037BD4680BD80B584B000AFF860B9607A60FB70A9
S32D00010CE87A6813465B0013449B00991CBA6813461B011344DA1CFB78F86800F005F800BF1037BD4680BD0000B6
S32D00010D1080B58EB002AFF860B9607A60FB70FB780A2B06D1F868FFF72CFFF868FFF714FFF2E0FB787D2B02D8AA
S32D00010D38FB781F2B01D82023FB70FB78203BFB70112300930C237A68B968F868FFF742FFFA7813469B001344C2
S32D00010D606F4AD35C3B75FA7813469B00134401336B4AD35C7B75FA7813469B0013440233674AD35CBB75FA7893
S32D00010D8813469B0013440333634AD35CFB75FA7813469B00134404335F4AD35C3B760023BB62BB6A062B00F369
S32D00010DB0A180F86800F050F9F86800F0B3F8002387F82F3000237B627B6A042B35DC07F114027B6A13441B785C
S32D00010DD803F00103002B14BF01230023FB76FB7E002B11D097F82F3083F00103DBB2002B03D0F86800F0CAF8B8
S32D00010E0002E0F86800F08EF8F86800F08BF80DE097F82F30002B03D0F86800F01DF902E0F86800F07FF8F868F0
S32D00010E2800F07CF8FB7E87F82F307B6A01337B62C6E797F82F30002B03D0F86800F008F902E0F86800F06AF86C
S32D00010E50F86800F067F8002387F82F3000233B623B6A042B42DC07F114023B6A13441B7803F00103002B14BF7F
S32D00010E7801230023BB76BB7E002B11D097F82F3083F00103DBB2002B03D0F86800F07EF802E0F86800F042F86C
S32D00010EA0F86800F03FF80DE097F82F30002B03D0F86800F0D1F802E0F86800F033F8F86800F030F8BB7E87F81D
S32D00010EC82F3007F114023B6A13441B785B08D9B207F114023B6A13440A461A703B6A01333B62B9E7BB6A0133BE
S32D00010EF0BB625AE7F86800F0AFF8002387F82F300123FB61FB69232B06DCF86800F00AF8FB690133FB61F5E747
S32D00010F183037BD4680BD00BF3C0B002080B483B000AF7860174B1B68164A43F480331360154B1B68144A23F0F9
S32D00010F4008031360114B1B68104A43F4802313600E4B1B680D4A23F4003313600B4B1B680A4A43F40033136084
S32D00010F68094B1B68084A43F008031360054B1B68044A23F48023136000BF0C37BD4680BC704700BF40F00F40FC
S32D00010F9080F00F4080B483B000AF78602B4B1B682A4A43F480331360294B1B68284A23F008031360254B1B68CE
S32D00010FB8244A43F480231360224B1B68214A23F440731360204B1B681F4A23F47F2323F0F00313601D4B1B6843
S32D00010FE01C4A23F01D031360184B1A687B685B6A164913430B60164B1A687B689B6A144913430B60134B1A6860
S32D000110087B68DB6A114913430B600E4B1B680D4A23F4003313600B4B1B680A4A43F400331360094B1B68084A53
S32D0001103043F008031360054B1B68044A23F48023136000BF0C37BD4680BC704740F00F4080F00F40C0F00F405D
S32D0001105880B483B000AF78602B4B1B682A4A43F480331360294B1B68284A23F008031360254B1B68244A43F41F
S32D0001108080231360224B1B68214A23F440731360204B1B681F4A23F47F2323F0F00313601D4B1B681C4A23F0A6
S32D000110A81D031360184B1A687B681B6B164913430B60164B1A687B685B6B144913430B60134B1A687B689B6BA5
S32D000110D0114913430B600E4B1B680D4A23F4003313600B4B1B680A4A43F400331360094B1B68084A43F0080375
S32D000110F81360054B1B68044A23F48023136000BF0C37BD4680BC704740F00F4080F00F40C0F00F4080B485B06A
S32D0001112000AF78607B681B6AFB60FB68FB72FB681B0ABB72FB681B0CDBB203F003037B727B6800225A627B6830
S32D0001114800229A627B680022DA627B6800221A637B6800225A637B6800229A637B681A6BFB7A5B0203F400732F
S32D000111701A437B681A637B681A6BFB7A5B101B0203F480731A437B681A637B685A6BFB7A9B101B0103F010039D
S32D000111981A437B685A637B685A6BFB7ADB105B0103F020031A437B685A637B685A6BFB7A1B119B0103F0400399
S32D000111C01A437B685A637B685A6BFB7A5B11DB01DBB21A437B685A637B685A6BFB7A9B111B0303F480531A4306
S32D000111E87B685A637B685A6B97F90B30DB115BB25B0303F400531A437B685A637B685A6BBB7A9B0303F48043F2
S32D000112101A437B685A637B685A6BBB7A5B10DB039BB21A437B685A637B685A6BBB7A9B101B0403F480331A4394
S32D000112387B685A637B685A6BBB7ADB105B0403F400331A437B685A637B685A6BBB7A1B119B0403F480231A43FA
S32D000112607B685A637B685A6BBB7A5B11DB0403F400231A437B685A637B689A6BBB7A9B1103F001031A437B6880
S32D000112889A637B689A6B97F90A30DB115BB29B0003F004031A437B689A637B689A6B7B7ADB0003F008031A43AA
S32D000112B07B689A637B689A6B7B7A5B101B0103F010031A437B689A637B68DB69FB60FB68FB72FB681B0ABB7281
S32D000112D8FB681B0CDBB203F003037B727B685A6AFB7A5B0203F400731A437B685A627B685A6AFB7A5B101B0267
S32D0001130003F480731A437B685A627B689A6AFB7A9B101B0103F010031A437B689A627B689A6AFB7ADB105B01D0
S32D0001132803F020031A437B689A627B689A6AFB7A1B119B0103F040031A437B689A627B689A6AFB7A5B11DB010A
S32D00011350DBB21A437B689A627B689A6AFB7A9B111B0303F480531A437B689A627B689A6A97F90B30DB115BB2CE
S32D000113785B0303F400531A437B689A627B689A6ABB7A9B0303F480431A437B689A627B689A6ABB7A5B10DB034D
S32D000113A09BB21A437B689A627B689A6ABB7A9B101B0403F480331A437B689A627B689A6ABB7ADB105B0403F46C
S32D000113C800331A437B689A627B689A6ABB7A1B119B0403F480231A437B689A627B689A6ABB7A5B11DB0403F46C
S32D000113F000231A437B689A627B68DA6ABB7A9B1103F001031A437B68DA627B68DA6A97F90A30DB115BB29B006F
S32D0001141803F004031A437B68DA627B68DA6A7B7ADB0003F008031A437B68DA627B68DA6A7B7A5B101B0103F028
S32D0001144010031A437B68DA6200BF1437BD4680BC7047000080B582B000AF786039607B68012B07D13B684FF698
S32D00011468FF72934202D10348FEF754FD00BF0837BD4680BDDC19002080B500AF4FF6FF710120FFF7E3FF80BD89
S32D0001149080B582B000AF7860164B03F580535B6B144A43F0400302F580525363124B4FF400725A62104B4FF48E
S32D000114B800721A620F4B14225A700E4B1B7ADBB20C4A43F00103DBB213720A4B80229A7002212B20FBF72CFF17
S32D000114E03D212A20FBF728FF7B6818460837BD4680BD00BF0070044000C004400060064080B582B000AF786051
S32D0001150839607B68012B07D13B684FF6FF72934202D10348FFF7B8FF00BF0837BD4680BD241A002080B500AFBB
S32D000115304FF6FF710120FFF7E3FF80BD0000000080B582B000AF78607B681846FDF7FCFF03460F49184601F093
S32D000115581FF80346184600F083FB09A3D3E9002300F000FD02460B461046194600F0B2FE034618460837BD46E9
S32D0001158080BD00BFAFF300800000000000A0694000404A4480B582B000AF78600B46FB707B68FA781146184653
S32D000115A8FDF7BCFF7B6818460837BD4680BD000080B582B000AF786039607B68012B08D13B684FF6FF72934208
S32D000115D003D120210348FFF7DDFF00BF0837BD4680BD00BF281A002080B500AF4FF6FF710120FFF7E1FF80BD8E
S32D000115F880B483B000AF78607B6800221A707B6818460C37BD4680BC7047000080B483B000AF78603960044AF8
S32D000116203B68136000BF0C37BD4680BC704700BF2C1A002080B582B000AF3248FCF78EF80346FB71304AFB79BC
S32D000116481370304B01221A702F4B1B78022B33D0022B4FDC002B02D0012B14D04AE0FB79FF2B44D1284B0122B3
S32D000116701A70284B00221A70264B1B785A1CD1B2244A11701946244AFB79535433E0214B1B785A1CD1B21F4A5A
S32D00011698117019461E4AFB7953541C4B1B780D2B27D11C4B1B68194A1278114618489847154B02221A701CE01F
S32D000116C0FB79FF2B10D1124B01221A70114B00221A70104B1B785A1CD1B20E4A117019460D4AFB79535409E0F0
S32D000116E80A4B00221A70084B00221A7002E000BF00E000BF00BF0837BD4680BD00A00640431A0020421A002076
S32D00011710411A0020401A0020301A00202C1A002080B582B000AF78607B681846FFF764FF7B6811491846FFF7CC
S32D000117386DFF7B684FF0FF325A600E4B4FF000021A600D4B4FF000021A600C4B4FF000021A600B4B00221A60DE
S32D000117600A4B00221A700A4B00221A707B6818460837BD4680BD00BF95170100501A0020541A0020581A002082
S32D000117885C1A0020601A0020611A002080B582B000AF78600B46FB701D4B1B78002B32D07B6801331B781A06CB
S32D000117B07B6802331B781B041A437B6803331B781B0213437A680432127813431A46134B1A607B685A79124B81
S32D000117D81A707B6806331B78AA2B0CBF01230023DAB20E4B1A700E4B01221A700B4B1B78002B08D00B4800F01E
S32D0001180049F80B4B1B680A4A23F40053136000BF0837BD4680BD00BF4C1A00205C1A0020601A0020611A002020
S32D00011828621A0020641A0020C0F00F4080B582B000AF786039607B68012B07D13B684FF6FF72934202D103489E
S32D00011850FFF766FF00BF0837BD4680BD441A002080B500AF4FF6FF710120FFF7E3FF80BD80B483B000AF786095
S32D00011878054B00221A60044B00225A607B6818460C37BD4680BC7047641A002080B584B000AF7860154B1B683F
S32D000118A0002B21D00023FB60124B5B68FA689A4214DA114AFB6852F82330002B0AD00E4AFB6852F8233018461D
S32D000118C8FCF78FF903461A460A4B1A70FB680133FB60E5E7054B00225A60044B00221A60044B1B781846103792
S32D000118F0BD4680BD641A0020701A00206C1A002080B582B000AF786039607B68012B07D13B684FF6FF729342FF
S32D0001191802D10348FFF7A8FF00BF0837BD4680BD641A002080B500AF4FF6FF710120FFF7E3FF80BD80B483B0D3
S32D0001194000AF78600A4B03F580531B6B084A43F0010302F580521363064B5B68054A43F03203536000BF0C3703
S32D00011968BD4680BC704700BF0070044000000A4038B5084C4FF41E652846E56001F09CF9A06020B10023C0E9C0
S32D000119900053606038BDE060606038BDD81A002081F0004102E000BF83F0004330B54FEA41044FEA430594EAAE
S32D000119B8050F08BF90EA020F1FBF54EA000C55EA020C7FEA645C7FEA655C00F0E2804FEA5454D4EB5555B8BFBF
S32D000119E06D420CDD2C4480EA020281EA030382EA000083EA010180EA020281EA0303362D88BF30BD11F0004F50
S32D00011A084FEA01314FF4801C4CEA113102D0404261EB410113F0004F4FEA03334CEA133302D0524263EB4303D4
S32D00011A3094EA050F00F0A780A4F10104D5F1200E0DDB02FA0EFC22FA05F2801841F1000103FA0EF2801843FAB2
S32D00011A5805F359410EE0A5F120050EF1200E012A03FA0EFC28BF4CF0020C43FA05F3C01851EBE37101F00045C1
S32D00011A8007D54FF0000EDCF1000C7EEB00006EEB0101B1F5801F1BD3B1F5001F0CD349085FEA30004FEA3C0C4F
S32D00011AA804F101044FEA445212F5800F80F09A80BCF1004F08BF5FEA500C50F1000041EB045141EA050130BDDE
S32D00011AD05FEA4C0C404141EB0101013C28BFB1F5801FE9D291F0000F04BF01460020B1FA81F308BF2033A3F1EC
S32D00011AF80B03B3F120020CDA0C3208DD02F1140CC2F10C0201FA0CF021FA02F10CE002F11402D8BFC2F1200C9E
S32D00011B2001FA02F120FA0CFCDCBF41EA0C019040E41AA2BF01EB0451294330BD6FEA04041F3C1CDA0C340EDC0E
S32D00011B4804F11404C4F1200220FA04F001FA02F340EA030021FA04F345EA030130BDC4F10C04C4F1200220FA77
S32D00011B7002F001FA04F340EA0300294630BD21FA04F0294630BD94F0000F83F4801306BF81F480110134013D93
S32D00011B984EE77FEA645C18BF7FEA655C29D094EA050F08BF90EA020F05D054EA000C04BF1946104630BD91EAE3
S32D00011BC0030F1EBF0021002030BD5FEA545C05D14000494128BF41F0004130BD14F580043CBF01F5801130BDFE
S32D00011BE801F0004545F0FE4141F470014FF0000030BD7FEA645C1ABF194610467FEA655C1CBF0B46024650EAC3
S32D00011C10013406BF52EA033591EA030F41F4002130BD00BF90F0000F04BF0021704730B54FF4806404F1320447
S32D00011C384FF000054FF0000150E700BF90F0000F04BF0021704730B54FF4806404F1320410F0004548BF4042D4
S32D00011C604FF000013EE700BF42004FEAE2014FEA31014FEA02701FBF12F07F4393F07F4F81F06051704732F0CF
S32D00011C887F4208BF704793F07F4F04BF41F40021704730B54FF4607401F0004521F000411CE700BF50EA01024A
S32D00011CB008BF704730B54FF000050AE050EA010208BF704730B511F0004502D5404261EB41014FF4806404F18B
S32D00011CD832045FEA915C3FF4D8AE4FF003025FEADC0C18BF03325FEADC0C18BF033202EBDC02C2F1200300FA5F
S32D00011D0003FC20FA02F001FA03FE40EA0E0021FA02F11444BDE600BF70B54FF0FF0C4CF4E06C1CEA11541DBF6B
S32D00011D281CEA135594EA0C0F95EA0C0F00F0DEF82C4481EA030621EA4C5123EA4C5350EA013518BF52EA033532
S32D00011D5041F4801143F4801338D0A0FB02CE4FF00005E1FB02E506F00042E0FB03E54FF00006E1FB03569CF059
S32D00011D78000F18BF4EF0010EA4F1FF04B6F5007F64F5407404D25FEA4E0E6D4146EB060642EAC62141EA5551F0
S32D00011DA04FEAC52040EA5E504FEACE2EB4F1FD0C88BFBCF5E06F1ED8BEF1004F08BF5FEA500E50F1000041EB25
S32D00011DC8045170BD06F0004646EA010140EA020081EA0301B4EB5C04C2BFD4EB0C0541EA045170BD41F480119E
S32D00011DF04FF0000E013C00F3AB8014F1360FDEBF002001F0004170BDC4F10004203C35DA0C341BDC04F114044E
S32D00011E18C4F1200500FA05F320FA04F001FA05F240EA020001F0004221F0004110EBD37021FA04F642EB060197
S32D00011E405EEA430E08BF20EAD37070BDC4F10C04C4F1200500FA04F320FA05F001FA04F240EA020001F00041AB
S32D00011E6810EBD37041F100015EEA430E08BF20EAD37070BDC4F1200500FA05F24EEA020E20FA04F301FA05F2EA
S32D00011E9043EA020321FA04F001F0004121FA04F220EA020000EBD3705EEA430E08BF20EAD37070BD94F0000FF8
S32D00011EB80FD101F00046400041EB010111F4801F08BF013CF7D041EA060195F0000F18BF704703F00046520028
S32D00011EE043EB030313F4801F08BF013DF7D043EA0603704794EA0C0F0CEA135518BF95EA0C0F0CD050EA41067B
S32D00011F0818BF52EA4306D1D181EA030101F000414FF0000070BD50EA410606BF1046194652EA430619D094EAB8
S32D00011F300C0F02D150EA013613D195EA0C0F05D152EA03361CBF104619460AD181EA030101F0004141F0FE41DE
S32D00011F5841F470014FF0000070BD41F0FE4141F4780170BD70B54FF0FF0C4CF4E06C1CEA11541DBF1CEA13554D
S32D00011F8094EA0C0F95EA0C0F00F0A7F8A4EB050481EA030E52EA03354FEA013100F088804FEA03334FF0805502
S32D00011FA845EA131343EA12634FEA022245EA111545EA10654FEA00260EF000419D4208BF964244F1FD0404F572
S32D00011FD0407402D25B084FEA3202B61A65EB03055B084FEA32024FF480104FF4002CB6EB020E75EB030E22BF4D
S32D00011FF8B61A754640EA0C005B084FEA3202B6EB020E75EB030E22BFB61A754640EA5C005B084FEA3202B6EBA4
S32D00012020020E75EB030E22BFB61A754640EA9C005B084FEA3202B6EB020E75EB030E22BFB61A754640EADC007A
S32D0001204855EA060E18D04FEA051545EA16754FEA06164FEAC30343EA52734FEAC2025FEA1C1CC0D111F4801F28
S32D000120700BD141EA00014FF000004FF0004CB6E711F4801F04BF01430020B4F1FD0C88BFBCF5E06F3FF6AFAE80
S32D00012098B5EB030C04BFB6EB020C5FEA500C50F1000041EB045170BD0EF0004E4EEA113114EB5C04C2BFD4EBFF
S32D000120C00C0541EA045170BD41F480114FF0000E013C90E645EA060E8DE60CEA135594EA0C0F08BF95EA0C0F5F
S32D000120E83FF43BAF94EA0C0F0AD150EA01347FF434AF95EA0C0F7FF425AF104619462CE795EA0C0F06D152EA1D
S32D0001211003353FF4FDAE1046194622E750EA410618BF52EA43067FF4C5AE50EA41047FF40DAF52EA43057FF464
S32D00012138EBAE12E74FF0FF3C06E000BF4FF0010C02E000BF4FF0010C4DF804CD4FEA410C7FEA6C5C4FEA430C39
S32D0001216018BF7FEA6C5C1BD001B050EA410C0CBF52EA430C91EA030F02BF90EA020F0020704710F1000F91EA94
S32D00012188030F58BF994208BF90422CBFD8176FEAE37040F0010070474FEA410C7FEA6C5C02D150EA013C07D144
S32D000121B04FEA430C7FEA6C5CD6D152EA033CD3D05DF8040B704700BF8446104662468C461946634600E000BF67
S32D000121D801B5FFF7B7FF002848BF10F1000F01BD4DF808EDFFF7F4FF0CBF012000205DF808FB00BF4DF808EDF9
S32D00012200FFF7EAFF34BF012000205DF808FB00BF4DF808EDFFF7E0FF94BF012000205DF808FB00BF4DF808ED91
S32D00012228FFF7CEFF94BF012000205DF808FB00BF4DF808EDFFF7C4FF34BF012000205DF808FB00BF4FEA41025F
S32D0001225012F5001215D211D56FF47873B3EB625212D94FEAC12343F0004343EA505311F0004F23FA02F018BF55
S32D00012278404270474FF00000704750EA013005D111F0004008BF6FF0004070474FF00000704700BF4A0011D287
S32D000122A012F5001211D20DD56FF47873B3EB62520ED44FEAC12343F0004343EA505323FA02F070474FF0000047
S32D000122C8704750EA013002D14FF0FF3070474FF0000070474FEA4102B2F1E04324BFB3F5001CDCF1FE5C0DD9E1
S32D000122F001F0004C4FEAC0024CEA5070B2F1004F40EB830008BF20F00100704711F0804F21D113F13872BCBF77
S32D0001231801F00040704741F480114FEA5252C2F11802C2F1200C10FA0CF320FA02F018BF40F001004FEAC12325
S32D000123404FEAD32303FA0CFC40EA0C0023FA02F34FEA4303CCE77FEA625307D150EA01331EBF4FF0FE4040F4CE
S32D000123684000704701F0004040F0FE4040F40000704700BF80F0004002E000BF81F0004142001FBF5FEA410356
S32D0001239092EA030F7FEA226C7FEA236C6AD04FEA1262D2EB1363C1BFD218414048404140B8BF5B42192B88BFF4
S32D000123B8704710F0004F40F4000020F07F4018BF404211F0004F41F4000121F07F4118BF494292EA030F3FD03E
S32D000123E0A2F1010241FA03FC10EB0C00C3F1200301FA03F100F0004302D5494260EB4000B0F5000F13D3B0F1D6
S32D00012408807F06D340084FEA310102F10102FE2A51D2B1F1004F40EBC25008BF20F0010040EA030070474900A6
S32D0001243040EB0000013A28BFB0F5000FEDD2B0FA80FCACF1080CB2EB0C0200FA0CF0AABF00EBC25052421843F0
S32D00012458BCBFD0401843704792F0000F81F4000106BF80F400000132013BB5E74FEA41037FEA226C18BF7FEAB9
S32D00012480236C21D092EA030F04D092F0000F08BF0846704790EA010F1CBF0020704712F07F4F04D1400028BFE6
S32D000124A840F00040704712F100723CBF00F50000704700F0004343F0FE4040F4000070477FEA226216BF084623
S32D000124D07FEA23630146420206BF5FEA412390EA010F40F4800070474FF0000304E000BF10F0004348BF40424B
S32D000124F85FEA000C08BF704743F0964301464FF000001CE050EA010208BF70474FF000030AE000BF50EA010271
S32D0001252008BF704711F0004302D5404261EB41015FEA010C02BF84460146002043F0B64308BFA3F18053A3F5A9
S32D000125480003BCFA8CF2083AA3EBC25310DB01FA02FC634400FA02FCC2F12002BCF1004F20FA02F243EB0200B6
S32D0001257008BF20F00100704702F1200201FA02FCC2F1200250EA4C0021FA02F243EB020008BF20EADC70704731
S32D000125984FF0FF0C1CEAD0521EBF1CEAD15392EA0C0F93EA0C0F6FD01A4480EA010C400218BF5FEA41211ED0A6
S32D000125C04FF0006343EA501043EA5111A0FB01310CF00040B1F5000F3EBF490041EAD3715B0040EA010062F1E2
S32D000125E87F02FD2A1DD8B3F1004F40EBC25008BF20F00100704790F0000F0CF0004C08BF49024CEA502040EAAF
S32D0001261051207F3AC2BFD2F1FF0340EAC250704740F400004FF00003013A5DDC12F1190FDCBF00F000407047A1
S32D00012638C2F10002410021FA02F1C2F1200200FA02FC5FEA310040F1000053EA4C0308BF20EADC70704792F015
S32D00012660000F00F0004C02BF400010F4000F013AF9D040EA0C0093F0000F01F0004C02BF490011F4000F013B89
S32D00012688F9D041EA0C018FE70CEAD15392EA0C0F18BF93EA0C0F0AD030F0004C18BF31F0004CD8D180EA0100EE
S32D000126B000F00040704790F0000F17BF90F0004F084691F0000F91F0004F14D092EA0C0F01D142020FD193EA44
S32D000126D80C0F03D14B0218BF084608D180EA010000F0004040F0FE4040F40000704740F0FE4040F4400070470C
S32D000127004FF0FF0C1CEAD0521EBF1CEAD15392EA0C0F93EA0C0F69D0A2EB030280EA010C49024FEA402037D0D5
S32D000127284FF0805343EA111143EA10130CF000408B4238BF5B0042F17D024FF4000C8B4224BF5B1A40EA0C001A
S32D00012750B3EB510F24BFA3EB510340EA5C00B3EB910F24BFA3EB910340EA9C00B3EBD10F24BFA3EBD10340EA1B
S32D00012778DC001B0118BF5FEA1C1CE0D1FD2A3FF650AF8B4240EBC25008BF20F0010070470CF0004C4CEA50204F
S32D000127A07F32C2BFD2F1FF0340EAC250704740F400004FF00003013A37E792F0000F00F0004C02BF400010F47F
S32D000127C8000F013AF9D040EA0C0093F0000F01F0004C02BF490011F4000F013BF9D041EA0C0195E70CEAD153D9
S32D000127F092EA0C0F08D142027FF47DAF93EA0C0F7FF470AF084676E793EA0C0F04D14B023FF44CAF08466EE707
S32D0001281830F0004C18BF31F0004CCAD130F000427FF45CAF31F000437FF43CAF5FE700BF4FF0FF3C06E000BF80
S32D000128404FF0010C02E000BF4FF0010C4DF804CD4FEA40024FEA41037FEA226C18BF7FEA236C11D001B052EA8E
S32D00012868530C18BF90EA010F58BFB2EB030088BFC81738BF6FEAE17018BF40F0010070477FEA226C02D15FEA31
S32D00012890402C05D17FEA236CE4D15FEA412CE1D05DF8040B704700BF844608466146FFE70FB5FFF7C9FF00289A
S32D000128B848BF10F1000F0FBD4DF808EDFFF7F4FF0CBF012000205DF808FB00BF4DF808EDFFF7EAFF34BF01209B
S32D000128E000205DF808FB00BF4DF808EDFFF7E0FF94BF012000205DF808FB00BF4DF808EDFFF7D2FF94BF012063
S32D0001290800205DF808FB00BF4DF808EDFFF7C8FF34BF012000205DF808FB00BF4FEA4002B2F1FE4F0FD34FF09B
S32D000129309E03B3EB12620DD94FEA002343F0004310F0004F23FA02F018BF404270474FF00000704712F1610F36
S32D0001295801D1420205D110F0004008BF6FF0004070474FF00000704708B5062001F01EF8012006F0A5FA00BFB2
S32D000129809368002B00F081802DE9F04FB1F90C300C461907804683B0174698B223D523690BB310F002033D68D8
S32D000129A82BD04FF0000ADFF8B4B256465E453346524628BF5B464046002E4FD0E169D4F824C0E047002852DD5C
S32D000129D0BB681B1A8244361ABB60002BEAD1002003B0BDE8F08F2146404602F043FE002840F03481B4F90C305C
S32D000129F83D6898B210F00203D3D110F0010942D14E463EB38205D4F808B040F18180B3455A4600F2B18010F47A
S32D00012A20906F40F0BE8020680192494600F0EAFCA3682168019AA3EB0B030A44B246A36022600026B868A0EB33
S32D00012A480A00D144B8600028C5D0B4F90C0080B2002ED7D1D5E900960835D2E7D5E900A60835A3E72146404648
S32D00012A7003F000FF80B3B4F90C3043F040034FF0FF30A38103B0BDE8F08F002070471E46AA46994618461D467F
S32D00012A9856B388B34A46D4E904132068B24228BF3246884205D9A16803EB010B5A4500F3A780934264DCE169C9
S32D00012AC0D4F824C02A464046E047B0F1000BD2DDB9EB0B09CAD00120BB68A3EB0B035D44A6EB0B06BB60002B04
S32D00012AE83FF479AF002ED4D10AF1080353E902569A460833002EF9D032460A21284600F093FB002800F09D8021
S32D00012B100130A0EB0509C1E720682369984217D86369B34214D86FF00042B24228BF3246E16992FBF3F2D4F81E
S32D00012B3824C002FB03F340464A46E047B0F1000A95DDA6EB0A0679E7B345DA4628BFB2465246494600F052FCE0
S32D00012B60A3682268A3EB0A035244A3602260002BEBD12146404603F07DFE0028E5D07AE72068B34632464FE74C
S32D00012B882946019200F03AFC019AA3689B1AA360236813442360934696E723682169A3EB010B636903EB430A27
S32D00012BB00AEBDA7A0BF101034FEA6A0A33445345524684BF9A46524643052CD51146404600F07EF800283BD0DF
S32D00012BD85A462169019000F077FBA289019B22F4906242F08002A28103EB0B002361AAEB0B03C4F814A0A36078
S32D00012C002060B34632460FE729465A4600F0FAFB23685B4423602146404603F02BFE00283FF456AF27E7404620
S32D00012C2800F0C6FC03460028DED12169404603F049FFB4F90C300C2223F08003C8F8002017E7721C914626E763
S32D00012C500C22B4F90C30C8F800200EE74FF0FF30BEE600BF00FCFF7F70B50D4E0D4D761BB61006D0002455F8A6
S32D00012C78043B01349847A642F9D1094E094D761B06F0A6FCB61006D0002455F8043B01349847A642F9D170BD13
S32D00012CA0E4950100E495010010960100E4950100704700BF704700BF704700BF704700BF024B0146186800F014
S32D00012CC803B800BF1C0D00202DE9F04F01F10B06162E83B0044624D8102900F2BA8000F05BFC102618220220C7
S32D00012CF0B54F3A44A2F1080153688B4200F0BA805A68D96822F003021A449D68E9608D60516841F001012046E0
S32D00012D18516003F1080500F045FC284603B0BDE8F08F36F0070600F19480B14200F2918000F032FCB6F5FC7FF2
S32D00012D40C0F09A81730A00F08F80042B00F26F81B30903F1390003F1380CC3009A4F3B44A3F108055B689D427D
S32D00012D6806D10CE0002980F22781DB689D4206D05A6822F00302911B0F29F3DD60463D69DFF840C265457CD096
S32D00012D906A6822F00302931B0F2B00F37B81002BC7E904CC80F26C81B2F5007F80F01A81D308796801334FEAF0
S32D00012DB8521E012202FA0EF20A4357F833E0C5F808E007EBC3010839E9607A6047F83350CEF80C508310012156
S32D00012DE09940914257D8114206D120F003004900114200F10400FAD007EBC0094D468646D5F80C80454508D17B
S32D00012E081DE1002B80F22481D8F80C80454500F01681D8F8042022F00302931B0F2BF0DD2046D8E9025408EBBE
S32D00012E30060146F00106C8F80460EC60A56043F00104C7E90411C1E902CC4C6048F8023000F0ACFB08F108058A
S32D00012E5802E00C2323600025284603B0BDE8F08F4FF4007340204FF03F0C73E7D3689A4208BF02307FF440AFE1
S32D00012E803D69DFF848C1654582D17A688310012199409142A7D9BD686B6823F003094E4503D8A9EB06030F2B81
S32D00012EA87ADCDFF824B1494BDBF800201B680132334405EB090A00F0338103F580530F3323F47F6828F00F0864
S32D00012ED04146204600F05CFD411C024600F0F380824500F2EE803C4B196841441960084600F04E81DBF8001078
S32D00012EF8019301311BBFA2EB0A0A5044CBF80020186012F0070B00F01781CBF108010A44CBF58051904408312E
S32D00012F20A1EB0801C1F30B0A51462046009200F02FFD421CDDE9002300F04F81801A00EB0A081968BA6048F008
S32D00012F4801005144BD425060196000F02981B9F10F0F40F227816868A9F10C0C2CF0070C00F0010040EA0C0088
S32D00012F7068604FF0050E05EB0C00BCF10F0FC0E901EE00F2328150681546144B1A688A4238BF1960124B1A6805
S32D00012F988A4238BF196094E0AA1943F0010346F001066E602046BA60536000F0FBFA0835284603B0BDE8F08FBB
S32D00012FC0D9681A44A1E600BF481100205011002050150020281B0020F81A0020201B0020241B0020B2F5206FF9
S32D00012FE84FEA522363D3142B00F2B78003F15C01C9005B3307EB010E7958AEF1080E8E4500F091804B6823F0A5
S32D000130100303934202D989688E45F7D1D1F80CE07A68C5E9021ECEF80850CD60D6E6142B59D9542B00F29D80E4
S32D00013038330B03F16F0003F16E0CC3008AE60EF1010E1EF0030F05F108057FF4D5AE51E0424445465368D8F833
S32D000130600C1043F00103536055F8083F2046D9608B6000F09BFAF3E6F00806F1080237E62A442046536843F0E7
S32D0001308801035360083500F08DFAE5E6A919204646F0010643F001046E60C7E90411C1E902CC4C60AB5000F0A4
S32D000130B07DFA0835D4E6930903F13901C90038339CE7BD425FD0BD68686820F003084645A8EB060302D80F2B89
S32D000130D83FF762AF204600F065FA0025BCE603F15C0003F15B0CC30034E659F808394B4540F0968010F0030F04
S32D0001310000F1FF30F5D17B6823EA01037B60490099423FF6C0AE19B9BDE649000EF1040E1942FAD0704667E62D
S32D0001312803F11008D0E69A104FF001087B6808FA02F21A437A6070E702EB08014942C1F30B0A51462046009284
S32D0001315000F01EFC431CDDE900237FF4EFAEDA46EFE6542B25D8130B03F16F01C9006E3344E7B3F5AA7F25D898
S32D00013178F30B03F1780003F1770CC300EAE5294B186840441860B1E6CAF30B0CBCF1000F7FF4ACAEBD68C844A0
S32D000131A048F001006860F0E61546EEE60123536094E7B3F5AA7F23D8D30B03F17801C90077331BE740F2545244
S32D000131C8934223D8B30C03F17D0003F17C0CC300C0E5ABF1080BD844A8EB02084FF0000AABE605F1080120464D
S32D000131F0009303F06BFCBD68009B68681968C4E640F254518B420BD8930C03F17D01C9007C33F3E64FF47E73EB
S32D000132187F204FF07E0C9DE54FF47E717E23E9E67B6870E7F81A002001F0FF01102A2BDB10F0070F08D010F868
S32D00013240013B013A8B422DD010F0070F42B3F6D1F0B441EA012141EA014122F007047FF000070023F0E8025608
S32D00013268083C85EA010586EA010685FA47F5A3FA87F586FA47F6A5FA87F68EB9EED1F0BC01F0FF0102F00702BC
S32D0001329032B110F8013B013A83EA010313B1F8D10020704701387047002D06BF35460338073815F0010F07D114
S32D000132B8013015F4807F02BF013015F4C03F0130F0BC0138704700BF844641EA000313F003036DD1403A41D35B
S32D000132E051F8043B40F8043B51F8043B40F8043B51F8043B40F8043B51F8043B40F8043B51F8043B40F8043BC4
S32D0001330851F8043B40F8043B51F8043B40F8043B51F8043B40F8043B51F8043B40F8043B51F8043B40F8043B9B
S32D0001333051F8043B40F8043B51F8043B40F8043B51F8043B40F8043B51F8043B40F8043B51F8043B40F8043B73
S32D0001335851F8043B40F8043B403ABDD2303211D351F8043B40F8043B51F8043B40F8043B51F8043B40F8043BFB
S32D0001338051F8043B40F8043B103AEDD20C3205D351F8043B40F8043B043AF9D2043208D0D2071CBF11F8013BF1
S32D000133A800F8013B01D30B8803806046704700BF082A13D38B078DD010F003038AD0C3F10403D21ADB071CBFF1
S32D000133D011F8013B00F8013B80D331F8023B20F8023B7BE7043AD9D3013A11F8013B00F8013BF9D20B78037086
S32D000133F84B7843708B7883706046704788420DD98B1883420AD900EB020CBAB1624613F801CD02F801CD99425A
S32D00013420F9D170470F2A0ED8034602F1FF3C4AB10CF1010C013B8C4411F8012B03F8012F6145F9D1704740EAA4
S32D0001344801039B0750D1A2F1100370B501F1200C23F00F0501F1100E00F11004AC441B095EF8105C44F8105CEB
S32D000134705EF80C5C44F80C5C5EF8085C44F8085C5EF8045C44F8045C0EF1100EE64504F11004E9D1013312F0DE
S32D000134980C0F01EB031102F00F0400EB031327D0043C24F003064FEA940C1E441C1F8E465EF8045B44F8045FF2
S32D000134C0B442F9D10CF1010402F0030203EB840301EB840102F1FF3C4AB10CF1010C013B8C4411F8012B03F8CF
S32D000134E8012F6145F9D170BD02F1FF3C03469BE72246EBE7830730B548D0541E002A3FD0CAB2034601E0013CA0
S32D000135103AD303F8012B9D07F9D1032C2DD9CDB245EA05250F2C45EA054536D9A4F1100222F00F0C03F1200E24
S32D00013538E6444FEA121C03F1100242E9045542E9025510327245F8D10CF1010214F00C0F03EB021204F00F0CD5
S32D0001356013D0ACF1040323F003030433134442F8045B9342FBD10CF003042CB1CAB21C4403F8012B9C42FBD147
S32D0001358830BD64461346002CF4D1F9E703461446BFE71A46A446E0E70148FFF789BB00BFEC1A00200148FFF752
S32D000135B085BB00BFEC1A00202DE9F84F1746002900F0988007F10B0580460C46FFF7E8FF162D5DD810252A46C2
S32D000135D8AF425ED854F8041C21F003069642A4F1080962DABC4BD3F808C009EB0600844500F09780D0F804C06D
S32D000136002CF0010303445B68DB0768D42CF0030C06EB0C03934247DACB0710D454F8083CA9EB030ADAF8043045
S32D0001362823F003018C44B444944580F211817318934280F2E88039464046FFF745FB0746E0B154F8043C23F0C5
S32D0001365001034B44A0F10802934200F0D280321F242A00F2F580132A00F2AC8003462246116819605168596090
S32D0001367892689A602146404603F024FA4046FFF791FF3846BDE8F88F25F00705002D2A469EDA0C23C8F8003026
S32D000136A000273846BDE8F88F1E46D0E90223D3609A60731B0F2B22D8D9F8043003F0010333434E44C9F8043000
S32D000136C8736843F00103736040462746FFF76AFF3846BDE8F88FC907ADD454F8083CA9EB030ADAF8041021F079
S32D000136F00301A0E7BDE8F84F1146FFF7E9BAD9F8041001F001012943C9F8041009EB05014E4443F001034B60BD
S32D00013718736843F0010308317360404603F0D2F9D2E7DCF8040020F0030B06EB0B0C05F1100084454DDAC907A3
S32D000137403FF57DAF54F8081CA9EB010ADAF8041021F003018B44B34458453FF76CAF5746DAF80C1057F8080F4B
S32D00013768321F242AC160886000F2DB80132A40F2D6802168CAF808106168CAF80C101B2A00F2DF8008340AF1A1
S32D0001379010022168116061685160A16891600AEB0501ABEB050242F0010299604A60DAF8043003F001031D43BD
S32D000137B84046CAF80450FFF7F5FE6EE723680360636843601B2A68D804F1080200F108034AE709EB05029A6006
S32D000137E0ACEB050343F00103536054F8043C03F001031D43404644F8045CFFF7D7FE27464FE750F8043C23F023
S32D0001380803031E4451E75746DAF80C1057F8080F321F242AC16088604CD8132A48D92168CAF808106168CAF8E8
S32D000138300C101B2A56D808340AF110021E462368136063685360A3689360D1463C4630E72146FFF7D7FD11E7DA
S32D00013858D0E902135746CB60996057F8081FDAF80C30CB60321F242A99602DD8132A29D92368CAF808306368D7
S32D00013880CAF80C301B2A42D808340AF1100322681A6062685A60A2689A606646D1463C4607E7A3688360E3687A
S32D000138A8C360242A26D004F1100200F11003DBE63A46BFE7214638461E46D146FFF79EFD3C46F2E63B46DEE707
S32D000138D0214638466646D146FFF794FD3C46E8E648110020A168CAF81010E168CAF81410242A20D010340AF13A
S32D000138F818029FE7236903616169416104F1180200F11803B0E6A368CAF81030E368CAF81430242A21D0103413
S32D000139200AF11803B3E73A4633E721463846FFF769FD164B33E72269CAF818206269CAF81C2018340AF12002BB
S32D0001394878E7A168CAF81010E168CAF81410242A0DD010340AF1180217E72369CAF818306369CAF81C30183499
S32D000139700AF120038BE72269CAF818206269CAF81C2018340AF1200203E700BF4811002038B5074D0022044612
S32D0001399808462A6005F07EFA431C00D038BD2B68002BFBD0236038BD2C1B002038B5154B1F281D6820D8D5F851
S32D000139C0DC22044662B152F820304BB1012B15D0591C0FD0002542F820509847284638BD284600F02BF8224688
S32D000139E801462846BDE8384000F00EB816232B60012038BD002038BD16232B604FF0FF3038BD00BF1C0D00200A
S32D00013A1070B50C46084D03460026204611461C462E6005F023FA431C00D070BD2B68002BFBD0236070BD00BF39
S32D00013A382C1B002005F006BA0EB410B59DB06FF000411FABCDE906010491094953F8042B0290084C08680193FD
S32D00013A6002A9059400F07AF8029B00221A701DB0BDE8104003B070471C0D00200802FFFF90F800F06DE90245B6
S32D00013A8820F007016FF0000C10F0070491F820F040F049804FF000046FF00700D1E9002391F840F000F10800B7
S32D00013AB082FA4CF2A4FA8CF283FA4CF3A2FA8CF34BBBD1E9022382FA4CF200F10800A4FA8CF283FA4CF3A2FA2E
S32D00013AD88CF3E3B9D1E9042382FA4CF200F10800A4FA8CF283FA4CF3A2FA8CF37BB9D1E9062301F1200182FA77
S32D00013B004CF200F10800A4FA8CF283FA4CF3A2FA8CF3002BC6D0002A04BF04301A4612BAB2FA82F2FDE8024512
S32D00013B2800EBD2007047D1E9002304F00305C4F100004FEAC50514F0040F91F840F00CFA05F562EA05021CBF6B
S32D00013B5063EA050362464FF00004A9E72DE9F04FD5B00C460C9191460E930A9003F0D8F8036817931846FFF76F
S32D00013B7883FFA3891690190603D52369002B00F08B8700242BAB4D46CDE92944CDE91944CDE91B4412942893E1
S32D00013BA098461894002308940024CDE914342B78002B00F0DD81AA4604E01AF8013F002B00F01681252BF8D17E
S32D00013BC8BAEB050640F014819AF80030002B00F0CB8100234FF0FF329AF801608DF8833009930AF1010A079237
S32D00013BF01F462B244FF020090AF1010AA6F120035A2B00F22D81DFE813F0BA022B012B01B5022B012B012B018C
S32D00013C186A002B012B014F02E3022B015A02C9022B01C4025B005B005B005B005B005B005B005B005B002B01E1
S32D00013C402B012B012B012B012B012B01BF012B011A028600BF01BF01BF012B012B012B012B01B0022B012B01C5
S32D00013C68C3002B012B012B0124022B015F022B012B013C072B012B012B012B012B012B012B012B01BF012B014C
S32D00013C901A028800BF01BF01BF01A302880081002B0196022B018202C500700281002B0124027E0039072B010B
S32D00013CB82B0119072B017E00A6F1300300221AF8016B02EB820203EB4202A6F13003092BF5D909928EE7DDF829
S32D00013CE028B0584603F01CF843681B931846FFF7C7FE1C900646584603F012F883681993002E40F07A869AF8AC
S32D00013D08006075E79AF8006047F0200770E747F01007BA060E9B40F18081073323F007031A465B6852F8084B29
S32D00013D300E929946002BC0F25F85079B013301F01F8054EA090327F0800B00F0E3840A2C79F1000380F0818760
S32D00013D58303401238DF84F415F460B930DF24F1507990B989DF8832081424FF00003B8BF01460D9306910F93E2
S32D00013D8013931093002A7CD0069B0133069378E047F0100717F0200900F034810E9B073323F00703D3F804900D
S32D00013DA853F8084B0E9327F4806B002300228DF88320079A511C00F00D8254EA09012BF0800740F00682002AE1
S32D00013DD041F01080002B40F0A2841BF001030B9300F0378530238DF84F310DF24F15BBE7BAEB050600F0BC80F0
S32D00013DF82A9B33442A93299B0133072BC8E90056299305DC08F10808089B33440893DBE60C990A9828AA03F04A
S32D00013E204DFC80B90DF1AC08F2E70C990A9828AA03F044FC002800F08C800D9B1BB10D990A9802F043FE0C9B60
S32D00013E489B8913F0400F089B18BF4FF0FF330893089855B0BDE8F08F002E00F0858000228DF8EC608DF8832048
S32D00013E70012306930D920B9307920F92139210923BAD17F0020302D006990231069117F0840B07D109990698CB
S32D00013E98A1EB0009B9F1000F00F315832A9C8AB1299A0DF1830101320134C8F80010072A4FF001012A942992B9
S32D00013EC0C8F8041000F3468308F1080883B1299B21AA01330234C8F80020072B4FF002022A942993C8F804205A
S32D00013EE800F3488308F10808BBF1800F00F00E82079B0B9AA3EB020BBBF1000F00F34F82FB0500F1A5810B9B0B
S32D00013F10C8F804301C44299BC8F800500133072B2A94299300F3C78208F108087B0705D5099B069A9D1A002DB1
S32D00013F3800F32C83DDE9083206998A42ACBF9B185B180893002C7FF46CAF002329930D9B1BB10D990A9802F0DA
S32D00013F60B5FD0DF1AC0855462B78002B7FF423AE2A9B002B3FF467AF0C9C0A9828AA214603F09CFBA38960E768
S32D00013F880E9B073323F00702F2E80234CDE91434DDE9143424F000440E92994618462146A74B4FF0FF3204F0FD
S32D00013FB0A5FD002840F06284A34B484621464FF0FF32FEF725F9002840F05884DDE9140100220023FEF712F948
S32D00013FD8002840F0AD879DF883209A4D9A4B27F080070321472EC8BF1D4600230D9306910B9107930F93139331
S32D000140001093BFE617F0100340F02E8417F0400200F054870E9A52F8044B0E929946A4B2C5E653F8044B0E933D
S32D00014028FB0600F118847D0640F1128444F3C0394B4624B27AE60E9B002253F8041B8DF883208DF8EC100E931B
S32D000140500EE70E9C079B54F8045B4FF000098DF88390002D00F0D5865A1C00F052851A4649462846FFF7DCF899
S32D000140780D90002801F057800D9BCDF81C905B1B0B930E9423EAE3739DF883200693CDF83490CDF83C90CDF8AA
S32D000140A04C90CDF840906DE60E9B53F8042B0992002A80F2C983099A0E93524209929AF8006047F0040797E564
S32D000140C847F0100B1BF0200900F081830E9B073323F00703D3F8049053F8084B0E93012364E60E9B53F8044B00
S32D000140F00E93302378268DF88430564B189347F0020B8DF885604FF00009022352E6BD0600F18284FC0600F18A
S32D000141187386780600F13C87B90540F16D860E9B089953F8042B0E931170554618E79AF800606C2E03BF9AF80B
S32D00014140016047F020070AF1010A47F0100753E59AF80060682E03BF9AF8016047F400770AF1010A47F0400792
S32D0001416846E59AF8006047F0080741E59AF8006047F001073CE59DF88330002B7FF4BFAD9AF800608DF8839071
S32D0001419032E59AF8006047F080072DE5524612F8016B2A2E01F0CD81A6F13003092B924698BF002201F2888038
S32D000141B81AF8016B02EB820203EB4202A6F13003092BF5D9079215E59AF800608DF883400EE5BB46012B3FF4CB
S32D000141E0B6AD022B54AD12D1189A04F00F032409D35C05F8013D44EA09744FEA191954EA0903F2D154AB5B1B55
S32D000142085F460B93ACE504F00703E40844EA49744FEAD909303354EA09012A4605F8013DF1D11BF0010FE9D0D7
S32D00014230302BE7D03023023A05F8013C54AB9B1A5F460B9315468FE5FFFFEF7FDC910100E0910100EC910100F4
S32D00014258652E40F3E680DDE9140100220023FDF7BFFF002800F0CD81299BBF4AC8F80020013301340122072B68
S32D000142802A942993C8F8042000F37D8508F10808229B129A934280F2D382169B179A1C44C8E90023299B2A9496
S32D000142A80133072B299300F3EB8308F10808129B5D1E002D7FF736AE102D299BDFF8AC9240F36E854946224679
S32D000142D0B946DDF828B00C9C10260F4605E008F10808103D102D40F35B8501331032072BC8E90076CDE9293275
S32D000142F8F1DD28AA2146584603F0DCF900287FF498ADDDE929320DF1AC08E6E7099B069AA3EB020BBBF1000F10
S32D000143207FF7EAADBBF1100F299ADFF848922CDD1D9621464E460C9CDDF82890102306E0ABF1100BBBF1100F9B
S32D0001434808F108081ADD01321031072AC8E90063CDE92921F0DD28AA214648460DF1AC0803F0A8F900287FF418
S32D0001437064ADABF1100BBBF1100FDDE929214FF01003E4DCB1461D9E0C4601325C44072ACDE92924C8F800900E
S32D00014398C8F804B000F31D8508F10808A8E5BBF1100F299ADFF8C4912DDD41462046A8464C460C9DDDF82890F0
S32D000143C0102306E0ABF1100BBBF1100F01F1080119DD01321030072AC1E90043CDE92920F0DD28AA2946484616
S32D000143E803F068F900287FF424ADABF1100BBBF1100FDDE929202BA94FF01003E5DC4546A146884604460132B1
S32D000144105C44072ACDE92924C8F80090C8F804B000F3CC8108F108086EE5129B012B40F37C81299EC8F8005069
S32D00014438013601340123072E2A942996C8F8043000F3E08108F10808169B179A01361C44072EC8E90023CDE90A
S32D00014460296400F3E08108F10808DDE9140100220023FDF7B9FE002840F07481129B0136013B01351C44072E40
S32D00014488C8F800502996C8F804302A9400F3598108F108081A9BC8F8043001361C44072E24ABCDE92964C8F867
S32D000144B000307FF739AD0C990A9828AA03F0FEF800287FF4BAAC2A9C0DF1AC082EE5B9F1100FDDE929212BDDE2
S32D000144D8CDE91D3B1F96DDF828B04E461024A9460C9D04E0103E102E08F1080817DD01321F4B1031072AC8E9B8
S32D000145000034CDE92921F1DD28AA294658460DF1AC0803F0D3F800287FF48FAC103E102EDDE92921E7DCDDE940
S32D000145281D3B4D46B1461F9EC8F80490013209EB0104072A0E49C8F80010CDE9292400F3FF839DF8832008F144
S32D000145500808A8E40C990A981D9328AA03F0AEF800287FF46AAC2A9C1D9B0DF1AC08ADE41C920100309201005A
S32D00014578209201000C990A9828AA03F09BF800287FF457AC2A9C0DF1AC08ADE4102D299B21DD0A9FDDF83090DE
S32D000145A0102604E0103D102D08F1080817DD0133B04A1034072BC8E90026CDE92934F1DD28AA494638460DF112
S32D000145C8AC0803F077F800287FF433AC103D102DDDE92934E7DC0133A44AC8F804502C44072BCDE92934C8F819
S32D000145F000207FF7A3AC0C990A9828AA03F05EF800287FF41AAC2A9C98E42299002940F36683DDF84090129B60
S32D000146189945A8BF9946B9F1000F0BDD299B01334C44072BC8E900592A94299300F32F8508F10808109EB9F168
S32D00014640000FA8BFA6EB0906002E00F33882DDF840B07805AB4400F16682229B129A934202DBF90740F18E84F2
S32D00014668169A17991444C8E90012299A2A940132072A299200F3188508F10808129AAE18A6EB0B06D51AAE427C
S32D00014690A8BF2E46002E0DDD299BC8F800B001333444072BC8F804602A94299300F31A8608F10808002EA8BF27
S32D000146B8AD1B002D7FF736AC102D299BDFF8B09140F36E8349462246B946DDF828B00C9C10260F4605E008F195
S32D000146E00808103D102D40F35B8301331032072BC8E90076CDE92932F1DD28AA2146584602F0DCFF00287FF413
S32D0001470898ABDDE929320DF1AC08E6E7079B002B7FF41EAB5F46002307930B9354ADFFF71FBBFA073FF581AE61
S32D00014730299EC8F80050013601340123072E2A942996C8F804307FF7A7AE0C990A9828AA02F0B4FF00287FF429
S32D0001475870ABDDE929640DF1AC089BE6129B5D1E002D7FF797AE102DDFF8049140F39683224607970A9C0C9F35
S32D000147804FF0100B05E008F10808103D102D40F3878301361032072EC8E9009BCDE92962F1DD28AA394620463B
S32D000147A802F088FF00287FF444ABDDE929620DF1AC08E6E70C990A9828AA02F07BFF00287FF437AB2A9C0DF149
S32D000147D0AC08FFF799BB1BF0100340F028811BF0400200F079830E9A52F8044B0E929946A4B20123FFF7DEBAC4
S32D000147F82D2364428DF8833069EB4909BB460123FFF7D7BA0C990A9828AA02F053FF00287FF40FABDDE929640D
S32D000148200DF1AC0814E60C990A9828AA02F046FF00287FF402ABDDE929640DF1AC0814E6FD077FF573AB28E583
S32D000148489AF800600E93FFF7D3B954ADFFF788BAB80500F1A6834FEAE4794B46FFF766BA0E9B53F8044B0E93FB
S32D00014870FFF79DBA2092010030920100DDE9140102460B4604F03AF9002840F00F86612E00F04585412E00F026
S32D000148986D84079B013326F02003069300F0A983472B00F08885DDE9141247F480730F931346002BC0F29285C4
S32D000148C00B9300231D938B460D93069B462B00F0FD83452B00F044850799019126A9049123A9039122A90291E8
S32D000148E802210B9B0A9800915A4600F0CDFF069B472B054640F0318617F0010FB9460F9F40F0FC84269B5B1B59
S32D000149101293069B472B00F08283069B462B00F01284229B1093109B069A013B412A229300F0AD85F2B2002145
S32D00014938002BB8BF109B8DF89020BABFC3F101032D222B22092B8DF8912040F38D850DF19F04B64F22461046EE
S32D0001496087FB0321DA17C2EBA10202EB8201A3EB4101303100F8011C19466329134600F1FF32ECDC3033D9B26F
S32D00014988831E9C4202F8011C40F2F18513460DF1920201E013F8011B02F8011B9C42F9D10DF1A1030DF19202DD
S32D000149B01B1A134424AA9B1A1A93129B1A9A012B1A440B9240F39E850B9B169A13440B930B9A002329F4806727
S32D000149D822EAE27247F480770F930692139310931D9B002B40F03F839DF883200793FFF7C5B9199B002B3FF46E
S32D00014A0082A9199B1B78002B3FF47DA99AF8006047F48067FFF7F0B80E9B089853F8041B0E93C217C1E9000206
S32D00014A285546FFF79DBA0E9B53F8044B0E930123FFF7BCB97E4B189317F0200900F0EC800E9B073323F0070304
S32D00014A50D3F8049053F8084B0E93F80709D554EA090306D030238DF8856047F002078DF8843027F4806B02233B
S32D00014A78FFF79CB9BB46FFF725BB6E4B1893DBE70C990A9828AA02F015FE00287FF4D1A92A9C0DF1AC080AE42E
S32D00014AA00A984021FEF714F90C9B18601861002800F065850C9A40235361FFF766B8102E299BDFF87C9140F35E
S32D00014AC82982484642462146A846B9460A9C0C9D4FF0100B074604E00832103E102E40F3138201331031072B9B
S32D00014AF0C2E9007BCDE92931F2DD28AA2946204602F0DCFD00287FF498A9DDE929312BAAE7E72846CDF81C90A2
S32D00014B180E94FEF7B1FF03460B90FFF7B3BA129BCDF82CA04246DDF84C801097EB1807935E46199FDDF8709004
S32D00014B40DDF828A0DDF830B00F9B13952146B8F1000F2FD0002B30D1013F08F1FF381B9BC2E90039299B013356
S32D00014B684944072B2A91299368DC0832079B38789B1B8342A8BF0346002B1C460BDD2998013019440728C2E94F
S32D00014B9000632A91299000F3148138780832002CACBF051B0546002D0BDC06440F9BB8F1000FCFD1002B00F030
S32D00014BB823820F9B013B0F93CDE7102D29981DDD102404E0103D102D02F1080216DD0130194B10310728C2E9B3
S32D00014BE00034CDE92901F1DD28AA5946504602F065FD00287FF421A9103D102DDDE929012BAAE8DC01300E4B67
S32D00014C08556029440728CDE92901136000F33282387808320644C5E717F0100300F0A1800E9B53F8044B0E9343
S32D00014C3013E700BF67666666EC910100009201003092010028AA5946504602F037FD00287FF4F3A82A992BAA34
S32D00014C588CE70BF4806300220696CDF82CA0CDF8348054AFDDF864809A4616460CE00023204649460A2203F0F5
S32D00014C8053FF0A2C79F100031BD3044689462F4620460A220023494603F046FF30327D1E013607F8012CBAF10D
S32D00014CA8000FE4D098F800309E42E0D1FF2EDED00A2C79F1000380F0408154AB5B1BDDF82CA0CDF864801296B3
S32D00014CD0DDF83480069E0B935F46FFF745B8299BBC4AC8F80020013301340122072B2A942993C8F8042000F399
S32D00014CF8388108F10808002940F09780129A07F0010313433FF40EA9169B17991A19C8E90013299B2A92013368
S32D00014D20072B299300F3478108F108081299C8F8005001338C18072BCDE92934C8F804107FF7F2A8FFF7B7BB8E
S32D00014D480C990A981D9328AA02F0B4FC00287FF470A89DF883202A9C1D9B0DF1AC08FFF79EB817F0400200F031
S32D00014D70C2800E9A52F8044B0E929946A4B26CE6BB46FEF7E4BF0C990A9828AA02F096FC00287FF452A82A9CD9
S32D00014D980DF1AC08FFF778BA14463A464F46914601332C44072BC8F80090C8F80450CDE929347FF7B5A8FFF7B6
S32D00014DC07ABB28AA5946504602F078FC00287FF434A838782A992BAAE1E60C990A9828AA02F06CFC00287FF48E
S32D00014DE828A82A9C0DF1AC08FFF782B8012BBB467FF4F3A9FEF7ACBF0E9B089953F8042B554611600E93FFF721
S32D00014E10ABB8062B294628BF062307950D952A4606936D4D0E940B930F9113911091FEF7A9BF169B17981A194A
S32D00014E38C8E90003299B2A920133072B299300F3B68008F108080029BFF66CAF4E421031DFF8809180F2978286
S32D00014E604146DDF828B0A84610240C9D04E00831103E102E40F3898201331032072BC1E90094CDE92932F2DD77
S32D00014E8828AA2946584602F015FC00287EF4D1AFDDE929322BA9E7E7079F144601362C44072ECDE92964C8F85D
S32D00014EB00090C8F804507FF7EFAA46E40E9B17F4007914BF53F8044B53F8044B0E931CBF9146E4B2FEF76BBFBA
S32D00014ED80E9B1BF4007914BF53F8044B53F8044B0E931CBF9146E4B20123FEF75FBF0E9B17F4007914BF53F808
S32D00014F00044B53F8044B0E931CBF9146E4B2A4E5454690463A460C464F46914601333444072BCDE92934C8F8D7
S32D00014F280090C8F8046057DC08F10808FFF78BBB2D228DF88320FFF750B81C9B1B99ED1A1A46284602F084FB08
S32D00014F5098F801300BB108F10108204649460A220023002603F0E0FD8FE60C990A9828AA02F0A4FB00287EF4C0
S32D00014F7860AF22992A9C0DF1AC08BCE6129AAE18A6EB0B06D51AAE42A8BF2E46FFF78EBB0E9B089953F8042B55
S32D00014FA00E9311805546FEF7DFBF44F3C0194B4664B2FEF7BFBE0C990A9828AA02F07EFB00287EF43AAFDDE98C
S32D00014FC8293222990DF1AC083DE700BF1C92010014920100309201000C990A9828AA02F069FB00287EF425AF19
S32D00014FF02A9C0DF1AC08FFF72ABB0623079356E4DDE91235EB189E421997B346DDF82CA0109F90460C4628BF4A
S32D000150189B46FFF71EBB229B1093DA1C02DB079A934204DD023E26F02003069377E4109B129A9342C0F248811B
S32D0001504019F0010F00F01182169A13440B9319F4806F03D0109B002B00F3C7810B9B23EAE373069367260023CE
S32D000150680F931393BCE42D2200238DF883200793FEF786BE28AA5946504602F01BFB00287EF4D7AE38782A9923
S32D000150902BAA06448AE50C990A9828AA02F00EFB00287EF4CAAE2A9C0DF1AC08FFF7C6BA0C990A9828AA02F044
S32D000150B801FB00287EF4BDAE229B2A9C0DF1AC08FFF7DCBA0799019126A9049123A9039122A9029103210B9BE9
S32D000150E00A9800915A4600F0D3FB0378302B054600F0F181229B079AB94613440F9FEC180B99584600220023A0
S32D00015108FDF76EF810B12346FFF7FDBB269BA342BFF4F9AB30215A1C26921970269B9C42F9D8FFF7F0BB079B8E
S32D000151309DF883200E9406930B9307900F9013901090FEF71FBE229A1092002A40F3E081079909F001030B43ED
S32D0001515840F0B781109B0B93662619F4806F40F041810B9B23EAE373069378E730238DF8843058238DF88530BB
S32D00015180079B632B47F0020400F3BF8000230D933BADDDE9141247F481730F931346002B2746C0F285800B93B3
S32D000151A826F02003069300238B461D93612E00F04081412E7FF485AB22AA0B99584602F0C9F900224FF07F531B
S32D000151D0FCF7A2FD02460B46CDE9102300220023FDF702F808B101232293AC4B0B93079BCDE912A6CDE91E78E6
S32D000151F8DDF82CA0DDE9106703F1FF39AB46109506E00022002309F1FF39FCF7E9FFE8B9A14B0022304639460C
S32D00015220FCF77AFD0F460646FDF710F80446FCF709FD0B46024639463046FCF7B5FB1AF80430B9F1FF3FD84698
S32D000152484D460BF8013B06460F46DAD130463946924BDDF848A0139ECDF848800022A946DDF87C80109D1E9F00
S32D00015270CDE91001FCF7E0FF002855D1DDE91001884B0022FCF7B0FF08B1E1074CD44B46002B06DB01335B4489
S32D0001529830220BF8012B5B45FBD1ABEB0503B94612930F9FFFF731BB26F020030693DDE914349B4604F100432F
S32D000152C00B932D231D9375E700230793FEF796BC129B169A9A18109B0B92002B40F3098167263EE70C990A9889
S32D000152E828AA02F0E7F900287EF4A3AD229D129B2A9C5D1B0DF1AC08FFF7D8B9079BEC18FAE60A98591CFDF795
S32D00015310DFFC0546002800F026810D9039E730238DF88430782329E7129B26930B9B1BF8012CD97B8A425B4688
S32D0001533809D1302003F8010C269B5A1E269213F8012C9142F6D0392A0BBF0B9A0132927AD2B203F8012CA0E70E
S32D0001536007990B9B0A984C1C26A9049123A9039122A9029102215A460194009100F088FA0546B9462C440F9FE9
S32D00015388BAE64546884601333244072BCDE92932C8F80090C8F804607FF7C2AC0C990A9828AA02F087F9002805
S32D000153B07EF443ADDDE929320DF1AC08B6E4079B002B08BF0123079347F480730F93159B002BC0F2B180DDF84A
S32D000153D850B00D900B931D90FFF77ABA00230D9365E7672619990B78FF2B00F0B2800024109A204603E001302F
S32D000154000131FF2B08D0934206DAD21A4B78002BF5D10B780134F4E71991109213900F940F9A139B1C9913446C
S32D000154280B9A01FB03230B9323EAE3730693FFF7D7BA22AA0B99584602F08CF800224FF07F53FCF765FC02461A
S32D000154500B46CDE9102300220023FCF7C5FE08B101232293104B0B93C1E6109B0B93EEE5002963D130228DF876
S32D0001547892200DF19302303302F8013B24ABD31A1A93FFF796BA06F10F02D2B20121FFF74FBA00BF0092010079
S32D000154A0000030400000E03FEC910100159B384D002BB4BF2D229DF88320364BB8BF8DF8832027F08007FEF7C3
S32D000154C890BD169BD31819440B91662645E60B99584600220023FCF783FE00287FF406AE079BC3F101032293C3
S32D000154F001E6C3F101031A4422EAE2730B9206936726B0E519F0010F3FF462AAFFF75CBA079A09F0010959EA8C
S32D00015518020304D10123069366260B939FE5169B01331A4422EAE2730B920693662696E50D90BCE60DF192026D
S32D000155409DE70E9B9AF80160924653F8042B0E9342EAE2720792FEF74FBB00230F9313935EE7079C0DE70C9925
S32D000155688B8943F0400213468A81FEF76ABC02231A93FFF71EBA0A9A0C2313604FF0FF330893FEF765BC00BF45
S32D00015590E4910100E8910100F8B50D461446064610B1836B002B43D0B4F90C20A369A360170790B21BD52369A5
S32D000155B8CBB1EDB281042F4622D522686169D31A994229DD0133A1680139A160511C2160157062699A422AD00A
S32D000155E0A389DB0701D50A2D25D03846F8BD2146304600F03FF820BBB4F90C20236990B2EDB281042F46DCD48A
S32D0001560842F40052A281626E616922F4005262662268D31A9942D5DC2146304601F026F958B922680123CEE79A
S32D0001563001F054F9B8E72146304601F01BF90028D3D04FF0FF37D0E738B50C46084D8446114620461A460023F7
S32D000156582B60644603F02CFC431C00D038BD2B68002BFBD0236038BD2C1B002038B5334B1B6805460C460BB100
S32D000156809A6B12B3B4F90C3018079AB225D5216900292DD012F0010007D00020A06060694042A06139B10020E3
S32D000156A838BD950758BF6069A0600029F7D1120658BF0846F4D543F04003A3814FF0FF3038BD184601F006F9E0
S32D000156D0B4F90C3018079AB2D9D4D1062AD5520714D4216943F00803A3819AB20029D1D102F42070B0F5007FE6
S32D000156F8CCD02146284601F013FBB4F90C3021699AB2C3E7216B51B104F14002914204D0284601F0D7F9B4F962
S32D000157200C300022226321690022C4E9001223F02403D7E7092243F040032A604FF0FF30A38138BD1C0D002019
S32D00015748024B13B1024800F005B8704700000000016A0100002301461A46184602F026B82DE9F04F03690C69D9
S32D00015770A34283B0C0F28680013C01F11405A30000F11408009355F8243058F8242001338A469A4208EB840122
S32D00015798814605EB84070191B2FBF3F638D30023AE4640469B465EF8041B02681FFA81FC06FB0C33090C4FEAEC
S32D000157C0134C06FB01CC99B2ABEB01011FFA8CF311FA82F1C3EB124202EB214289B241EA0241774540F8041B86
S32D000157E84FEA1C434FEA224BDDD2009B58F8033073B9019B043B984504D307E0984504F1FF3403D253F8042993
S32D00015810002AF7D0C9F810405146484601F076FD00282BDB01364046002355F8041BD0F800C08AB29A1A0B0CD5
S32D0001583812FA8CF2C3EB1C4303EB224392B242EA0342AF4240F8042B4FEA2343E9D258F8242008EB84036AB9BF
S32D00015860043B984504D307E0984504F1FF3403D253F80429002AF7D0C9F81040304603B0BDE8F08F002003B0CB
S32D00015888BDE8F08F000000002DE9F04F016C99B090469946CDE90489259D044641B1426C4A60012393408B6092
S32D000158B001F0D0FA00232364B9F1000AB4BF012300232B60764BBCBF2AF0004ACDF814A033EA0A0300F0AA800E
S32D000158D8DDE904231046194600220023CDE90A01FCF77EFC074670B1249A01231360269B002B00F0E4826948D6
S32D000159001860431E0393039819B0BDE8F08F16AB019317AB00932046DDE90A2301F0BCFD5FEA1A56054640F0A0
S32D000159289780DDE916763E4406F23240202840F3B583C0F140000AFA00FA06F2124028FA00F04AEA0000FCF7D6
S32D0001595069F90123013EA1F1F8710F93524B0022FCF722F848A3D3E90023FCF7D5F948A3D3E90023FCF71AF8A0
S32D00015978804630468946FCF761F945A3D3E90023FCF7C6F902460B4640464946FCF70AF880468946FCF756FCB2
S32D000159A000228346002340464946FCF727FC002840F07C82BBF1160F00F26B823B4B03EBCB03D3E90023DDE9B2
S32D000159C80A01FCF717FC002872D00023BE1B0E93731E0BF1FF3B069300F15E8200230993BBF1000F6BDA099B04
S32D000159F0CDF81CB0A3EB0B030993CBF100030D93229B092B4FF0000B66D8052B40F34883043B22930026229BE2
S32D00015A18023B032B00F26886DFE813F05C04590450043304249A42F20F73CAF3130A13605AEA08031AD1269B46
S32D00015A40002B00F064861A4B03930833269A0398136019B0BDE8F08FDDE90A12C2F31303084643F07F510F979D
S32D00015A68A6F2FF36169F41F4401173E7269B002B40F0EA830D4B039341E700BFAFF3008061436F63A787D23F78
S32D00015A90B3C8608B288AC63FFB799F501344D33F0000F07F1D9201000000F83F909301004492010040920100DA
S32D00015AB8BE1B731E069300F185840E900990069B5B44CDE9063B00230D93229B092B98D90023CDE922330126DA
S32D00015AE04FF0FF330C960893089B129300216164204601F089F90390002800F00186039B2364089B0E2B00F2BD
S32D00015B081381002E00F010810799002940F35C84AE4B01F00F0203EBC2034FEA2118C905D3E9006740F1148475
S32D00015B30A94BDDE90A01D3E90823FCF717FACDE9100108F00F084FF0030AB8F1000F13D0DFF8849218F0010FD4
S32D00015B5809D030463946D9E90023FCF7D9F80AF1010A06460F465FEA680809F10809EDD1DDE9100132463B46AE
S32D00015B80FCF7F4F9804689460E9B43B1934B002240464946FCF732FB002840F030855046FCF750F842464B46B8
S32D00015BA8FCF7B6F88C4B0022FBF7FCFEA1F15073CDE910011193089B002B00F09780079B1493089B13930C9B7A
S32D00015BD0002B00F0A584139A7E4B8249039E03EBC20353E902230020FCF7C0F9DDE91023FBF7DAFECDE9100116
S32D00015BF849464046FCF726FB0746FCF71FF802460B4640464946FBF7CBFE3037DDE9102306F8017B8046894626
S32D00015C20FCF7ECFA002840F02985CDF854B00027DDE910AB1095139D13942AE00137AF4280F22C85684B50466A
S32D00015C4859460022FCF764F8654B002282468B4640464946FCF75CF889468046FCF7F2FA0446FBF7EBFF024674
S32D00015C700B4640464946FBF797FE303406F8014B52465B4680468946FCF7B8FA002840F0F38442464B46514975
S32D00015C980020FBF785FE52465B46FCF7ABFA0028C8D0DDE91343109D039A079302E0964200F0C884B24616F8BB
S32D00015CC0013D392BF7D00133DBB23370079B01330793C8E15046FBF7B5FF42464B46FCF71BF83F4B0022FBF7D6
S32D00015CE861FEA1F15073CDE9100111933D4B404649460022FBF754FEDDE910894B46424606460F46FCF794FAD1
S32D00015D108146002840F0AA84DDE91001024601F1004330463946FCF769FA002840F04583179B002BC0F28C80BD
S32D00015D38079A0E2A00F38880244B03EBC203D3E900AB239B002B1BDA089B002B18DC40F02E83244B0022504637
S32D00015D605946FBF7D9FF02460B46DDE90A01FCF74FFADDF820904E46002800F0C782239BDDF80C80DF43C9E29F
S32D00015D88DDE90A7852465B4638464146FCF7EAF8FCF758FA81460990FBF750FF52465B46FBF7B6FF039E0B46D9
S32D00015DB0024641463846FBF7F7FD09F1300306F8013B089B012B00F05C830694012704951C462AE090930100A1
S32D00015DD8689301000000F03F00001C400000E03F000024400000144052465B4640464946FCF7B8F8FCF726FA3A
S32D00015E000546FBF71FFF52465B46FBF785FF01370B46024649464046FBF7C6FD05F13003A74206F8013B00F092
S32D00015E282983AC4B0022FBF773FF0022002380468946FCF7D5F90028D6D0049D069C079B01330793B2460AE123
S32D00015E500C9A002A3DD0229A012A40F39C82089B03F1FF380D9B4345C0F26D82A3EB0808089B002BC0F23C8392
S32D00015E78069A1A440692099A17461A4409920121204601F08BF8064623E00123BE1B0E93731E06937FF5A2AD96
S32D00015EA0C6F101030993002306939DE55846FBF7C9FE42464B46FCF797F900287FF47AAD0BF1FF3B76E5864B27
S32D00015EC80393039819B0BDE8F08FDDF83480099F0C9E002F0CDD069900290B4608DD099AB942A8BF3B46D21A2A
S32D00015EF0FF1ACB1A099206930D9BDBB10C9B002B00F05D82B8F1000F0FDD31464246204601F024F92A460146AE
S32D00015F180646204601F070F829460546204600F095FF0D9BB3EB080240F0D8820121204601F034F8BBF1000F71
S32D00015F40814600F3B480229B012B40F386814FF0000A0120BBF1000F40F0B580069A104410F01F0000F0938081
S32D00015F68C0F12003042B40F3D283099BC0F11C0003440244099307440692099B002B05DD29461A46204601F02B
S32D00015F9045F90546069B002B05DD49461A46204601F03CF981460E9B002B40F03681089B002B40F31D810C9B68
S32D00015FB8002B40F0A080079B01330793DDF80C80DDF820A0012707E0294600230A22204600F046FF01370546EE
S32D00015FE049462846FFF7C0FB574500F1300308F8013BEDDB089A002AC8BF9346039AD8BF4FF0010B9344002777
S32D00016008294601222046049301F004F94946054601F078F9002840F3A8811BF8013C039A0BF1FF3B04E05A4586
S32D0001603000F0AA811BF8013D392B0BF1010AF6D001338BF800304946204600F003FF56B12FB1B74203D03946A4
S32D00016058204600F0FBFE3146204600F0F7FE2946204600F0F3FE00238AF80030249B079A1A60269B002B3FF484
S32D0001608042AC0398C3F800A019B0BDE8F08F1C20099B03440993069B03440744069370E70126B8E4C0F12000A6
S32D000160A808FA00F04FE401465A46204601F052F8229B012B814640F3B3814FF0000AD9F8103009EB83031869B0
S32D000160D000F01AFFC0F1200040E700BF000024401C920100314600230A22204600F0BCFE129B002B064640F3A1
S32D000160F8E782CDE90783002F00F31A81BAF1000F40F0D581B046049B039F089903F001027B1E1944229B0C92B4
S32D00016120134309910A9349462846FFF71DFB31468346284601F0EAF8424649468246204601F004F9C268014693
S32D000161480BF13003002A42D106902846089301F0D9F806990490204600F078FE049A089B1AB90A99002900F08C
S32D000161709B82BAF1000FC0F2638122994AEA010A0C9951EA0A0100F05B81002A00F3B481099A3B7007F1010A3F
S32D000161989742D34600F0B281294600230A22204600F05EFE4645054631464FF000034FF00A02204612D000F041
S32D000161C053FE4146064600230A22204600F04CFE57468046A7E72046049300F03BFE049B0122C6E700F040FEE9
S32D000161E85746064680469AE7229B022B79DC0C9B002B80D1079B4946013328460793FFF7AFFADDF80CB000F168
S32D0001621030030BF8013B0027F6E64946284601F075F80028BFF6C3AE294600230A22204600F01AFE079B03F17F
S32D00016238FF380C9B0546002B7FF450AF129B002B40F335820893B9E6AF4B03930333FFF7F9BBDDE90412002900
S32D000162607FF475AEC2F31303002B7FF470AEA94B1340002B00F0FE81099B01330993069B013306934FF0010AE5
S32D0001628863E601230C93239B079A134412930133012B1F460893B8BF01270021172F61647FF722AC01220423C7
S32D000162B05B0003F11400B842114602F10102F7D9616415E401230C93239B002B4CDD129308931F46E5E700231E
S32D000162D80C93D8E700230C93F2E7129BCDF81C800893089B002B7FF446AD49460522204600F0B6FD01468146F4
S32D00016300284601F003F800287FF739AD0398079F3123804600F8013B013703904946204600F098FD7B1CDDF850
S32D000163280CA00793CDF80C80002E7FF494AE96E631463A46204600F06DFF0646DEE60D9BCDF83480A8EB0303CD
S32D000163509B444FF000088BE5DDE90A234FF0020ACDE91023FFF7F1BB012323930893FFF7BBBB03D1049BDB0789
S32D000163783FF553AEDA461BF8013D302BFAD05EE6079B039A013307933123137057E60F9A002A00F0268103F267
S32D000163A03343069ADDF834801A440692099A17461A44099267E54FF000094E46DFE429460D9A204600F0CAFE21
S32D000163C80546B3E50E9067E500F00F81079A504B564206F00F0203EBC203D3E90023DDE90A01FBF795FC361151
S32D000163F08046894600F07181484F00234FF0020AF20706D5D7E90023FBF786FC0AF1010A0123761007F1080720
S32D00016418F2D1002B3FF4B4AB80468946FFF7B0BB049B002B7FF449AEDDE90412C2F31303002B3FF418AF40E6B9
S32D00016440002A12DD294601222046049300F0E6FE4946054600F05AFF0028049B40F31881392B00F0F9800BF132
S32D000164683103BA460AF8013B079B0133374607934646E4E50995069C049D02460B46FBF791FA52465B4680465B
S32D000164908946FBF7D1FE60B952465B4640464946FBF7A2FE00283FF4CEAC099BD9077FF5CAAC039A02E47168B5
S32D000164B8204600F0A5FC0746002800F00E81336902339A0006F10C010C30FCF7FDFE39460122204600F09EFE9D
S32D000164E0804614E62946204600F038FE054621E5DDE908239F1AC6E4392B00F0AD80BA460133B3E7079A01320A
S32D000165083746079246467BE5409201000000F07F9093010068930100DDF84CA0844901EBCA01DDE9102351E988
S32D000165300201FBF7F1FBCDE9100149464046FBF785FE0646FBF77EFB0B46024649464046FBF72AFA039F534654
S32D000165583036012B07F8016B8046894600F0AE80139E039B1E44734B002240464946FBF7CFFB89468046FBF77B
S32D0001658065FE8246FBF75EFB0AF1300A02460B4640464946FBF708FA07F801ABB74280468946E4D1664B0022DE
S32D000165A8DDE91001FBF7FEF942464B46FBF722FE002864D1DDE910235F490020FBF7F0F942464B46FBF734FEA3
S32D000165D000283FF4ADABB246013E1AF8013C302BF9D0149B013307933DE5169BC3F13603D7E6DDE90A894FF0AD
S32D000165F8020AFFF7C5BA089B002B3FF467AB129B002B7FF791AB079A013ACDE913324046484B00224946FBF7C3
S32D000166207BFB804689460AF10100FBF70BFB42464B46FBF771FB434B0022FBF7B7F9A1F15073CDE910011193C3
S32D00016648FFF7C1BA079B013307933123FFF739BB079BBB4601330793392337460BF8013B4646DCE44FF00009E7
S32D000166704E464BE69A466CE4109D139C149B01330793B246EFE4149B039A0793FFF716BB7FF4EBAEDA077FF554
S32D00016698E8AEE1E6DDF854B0109D139CFFF744BB392BD5D0BAF1000F3FF7D9AED9E6229B022B3FF712AECDF868
S32D000166C01C809BE53E466DE7229B022B3FF709AE129BCDF81C80089311E54FF0020AFFF753BA194B19483A46AE
S32D000166E840F2EA2101F0A8F8002666643146204600F086FB039078B9114B124800224FF4D57101F099F8104B75
S32D000167100393FFF7F8B83FF434ACC0F13C00B7E4039B236401224FF0FF33239612930C920893FFF7FDBA00BFC7
S32D0001673890930100000024400000E03F00001C40509201006492010044920100B1F90C20F8B50C461107074644
S32D0001676042D4636842F40062002BA28159DDA56A002D54D000233E683B6093B212F4805253D1E169012338461C
S32D00016788A847421C63D0A389A56A5B0705D56368C01A236B0BB1E36BC01AE169024600233846A847411C3ED146
S32D000167B03B68002B3BD01D2B01D0162B52D1A3892269226023F4006300216160A381216B3E6021B304F1400375
S32D000167D8994202D0384600F075F900202063F8BD2669C6B193B2256826609A070CBF63690023AD1BA3600CE041
S32D00016800D4F824C0E1692B4632463846E047B0F1000CA5EB0C05664416DD002DF0DC0020F8BDE36B002BA2DC31
S32D00016828F9E7206DB1E7B4F90C302269226023F40063A3810022DB046260C4D52065C2E7A38943F040034FF03D
S32D00016850FF30A381F8BD3B68002B98D01D2B06D0162B04D0A38943F04003A381F8BD3E60D5E700BF38B50C46D5
S32D00016878054608B1836BA3B1B4F90C00B8B1636EDB0701D4810515D528462146FFF75EFF636EDA07054602D496
S32D000168A0A3899B050ED5284638BD00F017F8B4F90C000028E7D10546284638BDA06DFCF7FBF9E5E7A06DFCF7B1
S32D000168C8F9F9284638BD00BF014900F001BA00BF297901002DE9F04782463948FCF7E8F9DAF83840002C66D11F
S32D000168F0DAF80450354ACAF83C200323CAE9B843DFF8CC90DFF8CC80334F344E04230AF53B72CAF8E822214682
S32D00016918C5E90243C5E90044C5E904446C660822AC6105F15C00FCF7E5FDC5E90759C5E90987EE6205F158005B
S32D00016940FCF7B6F9DAF80850254BEB602146C5E90044C5E904446C66AC60AC61082205F15C00FCF7CBFDC5E982
S32D000169680759C5E90987EE6205F15800FCF79CF9DAF80C50194BEB602146C5E90044C5E904446C66AC60AC6125
S32D00016990082205F15C00FCF7B1FD05F15800C5E90759C5E90A76C5F82480FCF781F90123CAF838300448BDE824
S32D000169B8F047FCF77FB9BDE8F0470148FCF77AB9F41A0020D1680100CD750100F1750100317601005176010081
S32D000169E009000100120002000148FCF765B900BFF01A00200148FCF761B900BFF01A002038B5084B084D5B1BDD
S32D00016A089C1007D0043B1D44013C55F804399847002CF9D1BDE8384002F0F6BD0000000000000000F8B5244FBE
S32D00016A300C460646FCF7B4FDBA685568C4F57E630F3325F003052B4423F47F6323F00F03A3F58054B4F5805F9C
S32D00016A5807DB00213046FCF797FFBB682B44984204D03046FCF79EFD0020F8BD61423046FCF78AFF01300DD051
S32D00016A80104ABB682D1B45F001055D60136830461B1B1360FCF78AFD0120F8BD00213046FCF776FFBA68831A82
S32D00016AA80F2BDEDD43F001035360054B03491B68C01A0860D5E700BF48110020F81A002050150020002961D07A
S32D00016AD0F8B50C460646FCF763FD54F8042C7B4FA4F1080522F0010105EB010CB868DCF80430604523F003031A
S32D00016AF800F08B80D207CCF8043032D454F8082CAD1A1144AA6807F1080082426AD00CEB0304D4F804E0EC68EF
S32D00016B20D4601EF0010FA26000F0978041F001036B60CCF80010B1F5007F35D27A68CB084809012101338140CE
S32D00016B481143796007EBC30257F83310083AC5E9021247F83350CD603046BDE8F840FCF721BD0CEB03025268DB
S32D00016B70D00710D4194407F10800DCF80830834273D0DCF80C20DA60936041F001036B606950D0E7704741F045
S32D00016B980103B1F5007F44F8043CCCF80010C9D3B1F5206F4FEA512348D28B0903F1390003F13802C300F818FB
S32D00016BC0FB580838984259D05A6822F003028A4202D99B689842F7D1D868C5E902308560DD603046BDE8F84056
S32D00016BE8FCF7E0BC0CEB03025268D20763D40B44DCE90212CA60916043F001026A603046EB50BDE8F840FCF765
S32D00016C10CDBC0B44D10707D454F8082CAD1A1344D5E90212CA60916043F001026A60284ABD6012689A4293D8EF
S32D00016C38264B30461968FFF7F5FE8DE7142B0AD9542B1FD80B0B03F16F0003F16E02C300B1E719448DE703F1D3
S32D00016C605C0003F15B02C300A9E741F00103C7E90455C5E902006B60695071E779689210012404FA02F20A4354
S32D00016C887A60A6E7B3F5AA7F06D8CB0B03F1780003F17702C3008EE740F25452934206D88B0C03F17D0003F159
S32D00016CB07C02C30083E74FF47E737E227FE741F001036B60CCF800104AE700BF4811002054150020281B0020A7
S32D00016CD82DE9F8430746884600F538764FF00009D6E90154013D11D4A389012B05F1FF3508D9B4F90E3001337D
S32D00016D00214603D03846C04749EA00096B1C04F16804EDD13668002EE6D14846BDE8F883004870474C16002011
S32D00016D282DE9F0418B890C46990796B008D504F143030122C4E90432236016B0BDE8F081B4F90E1000290646EC
S32D00016D5027DB6A4600F062FE002821DB019D05F47045A5F50055B5FA85F54FF480686D094FF400674146304642
S32D00016D78FBF7AAFFB4F90C30F0B1204AF26343F08003C4F81480A3812060206135BB3B43A38116B0BDE8F0816F
S32D00016DA0A38913F0800519D04FF0400841463046FBF78EFF0025B4F90C302F460028E0D19A05BED423F003037E
S32D00016DC804F1430243F002030121C4E90421A3812260B2E74FF480682F46C7E7B4F90E10304600F02DFE10B984
S32D00016DF0B4F90C30CFE7A38923F0030343F001031BB2C8E7D1680100C36C70B505460C464BB153F8240080B116
S32D00016E18026843F824200023C0E9033370BD2122042100F029FD0346E8640028EDD1002070BD012101FA04F6D6
S32D00016E40721D9200284600F01BFD0028F3D0C0E90146E4E731B1C36C4A6853F82200086043F82210704700BF6B
S32D00016E682DE9F0410D6907460E461C4601F1140E0020DEF800108BB202FB03434FEA134C090C02FB01CC0130F9
S32D00016E909BB203EB0C4385424EF8043B4FEA1C44EBDC3CB1B368AB4207DD06EB850301355C6135613046BDE8A7
S32D00016EB8F081716838460131FFF7A2FF8046A8B13269023206F10C0192000C30FCF7FCF9FB6C726853F82210B4
S32D00016EE0316043F82260464606EB850301355C613561DFE7024B03484246B52100F0A0FC50920100E492010005
S32D00016F08020C12040346CAB90304102013F07F4F04BF1B02083013F0704F04BF1B01043013F0404F04BF9B0085
S32D00016F300230002B05DB13F0804F00F1010008BF202070470020E5E70368024613F0070007D0D9071DD4980783
S32D00016F581FD55B0813600120704799B209B91B0C1020D9B209B908301B0A190704BF1B090430990704BF9B0819
S32D00016F800230D90703D45B0800F1010003D01360704700207047202070479B0813600220704700BF38B5C36C0F
S32D00016FA804460D464BB15868B0B102685A6000220123C0E90435C26038BD2122042100F05BFC0346E064002839
S32D00016FD0EDD1094B094800224FF4A07100F030FC1C220121204600F04BFC0028F1D001220223C0E90123DEE7DD
S32D00016FF850920100E49201002DE9F04F0E691569AE4285B08846144605DB2A46234635460C4616469846A368AE
S32D000170206168AF19BB42B8BF0131FFF7EDFE0190002800F08780019B03F1140909EB870AD14505D24B460022A7
S32D0001704843F8042B9A45FBD808F1140808EB860B04F11403D8451A4603EB85055FD22B1B153B23F0030304334C
S32D000170701534A54238BF0423CDE902A7AC461F46924605E0000C29D1C34509F1040948D958F8040B85B2002D37
S32D00017098F4D056464C46002356F8040B216882B21FFA81FE05FB02EE000C0A0C734405FB002202EB13429BB288
S32D000170C043EA0243B44544F8043B4FEA1243E7D849F8073058F8040C000CD5D0D9F80030544619464D46002236
S32D000170E82688090C00FB06110A449BB243EA024345F8043B54F8046B2968360C8BB200FB063303EB1243A445F0
S32D000171104FEA1342E8D8C34549F8073009F10409B6D8DDE902A7002F02DC05E0013F03D05AF8043D002BF9D0F2
S32D00017138019B18461F6105B0BDE8F08F034B0448019A40F25D1100F077FB00BF50920100E492010012F003037D
S32D000171602DE9F0411446064632D10D46A41020D0D6F84880B8F1000F33D0E3074FF0000707D4641015D0D8F894
S32D000171880000A8B18046E307F7D5424629463046FFF732FFB5B16968F36C641053F821202A6043F82150054658
S32D000171B0E9D12846BDE8F081424641463046FFF71FFFC8F8000007608046E0E70546D8E7013B0F4A52F82320F9
S32D000171D80023FFF745FE0546C4E701213046FFF70FFE804640B1012340F27122C0E904320023B0640360BCE7DF
S32D00017200044B054842464FF4A07100F019FB00BF5894010050920100E49201002DE9F0470C4690462669A368CE
S32D00017228496806EB6216751C9D4207464FEA621904DD5B009D4201F10101FADC3846FFF7DFFD8446002851D064
S32D00017250B9F1000F00F114000EDD09F105024FEA820E03460CEB8202002143F8041B9342FBD1AEF114031844AA
S32D00017278216904F1140318F01F0803EB81012DD0C8F1200986464FF0000A1A6802FA08F242EA0A024EF8042B99
S32D000172A053F8042B994222FA09FAF2D80B1B153B23F00303043304F11502914238BF0423BAF1000F18BF2E46B9
S32D000172C840F803A0FB6C6268CCF8106053F822102160604643F82240BDE8F087043853F8042B40F8042F9942FE
S32D000172F0F9D8EBE7034B0448624640F2D91100F09FFA00BF50920100E49201000B6984460069C01A15D10CF168
S32D00017318140C14310CEB830210B401EB830301E0944508D252F8044D53F8041D8C42F7D004D24FF0FF3010BCEF
S32D0001734070477047012010BC704700BF2DE9F84F0F691369FF1A002F0E4690467AD101F11405143202EB83027C
S32D0001736805EB830301E09D4273D253F8041D52F8044DA142F7D064D37168FFF741FD8146002872D03569D8F8E7
S32D000173901020C76008F1140E06F1140009F1140A06F1100C0EEB820200EB8507564600215EF8044B5CF804BFB9
S32D000173B8A3B211FA8BF1CB1A210CC1EB1B4101EB23419BB243EA0143724546F8043B4FEA2141E9D8A2EB080479
S32D000173E0153C08F11508424524F0030606F1040638BF0426304424F0030238BF002287425244B24416D95646CB
S32D00017408044654F8043B11FA83F10A1402EB134289B241EA0243A74246F8043B4FEA2241EFD87A1E101A20F05B
S32D000174300302524423B952F8043D013D002BFAD0C9F810504846BDE8F88F334601274646984695E7F9DB00279B
S32D0001745892E70021FFF7D4FC814668B101220023C9E904234846BDE8F88F074B07484A464FF4107100F0E0F92E
S32D00017480034B04484A4640F2322100F0D9F900BF50920100E492010070B5012182B016461D46FFF7B1FC04462E
S32D000174A800284BD02B46C5F30A55C3F313030DB143F48013002E019322D068460096FFF73FFD002836D0019BA2
S32D000174D00099C0F1200203FA02F20A43C34001936261002B14BF02210121A3612161ADB1069AA5F2334303446E
S32D000174F81360079BC0F135001860204602B070BD01A8FFF71DFD019B0121C4E904132030002DE9D104EB8102C9
S32D00017520A0F232431069069A1360FFF7EDFC079BC0EB41112046196002B070BDDDE900236261CEE7034B044872
S32D00017548224640F20A3100F077F900BF50920100E4920100DFF860C0F8B521F000430027634504460D46164606
S32D00017570176022DC844653EA0C0C1ED0DFF844C001EA0C0C0A46BCF1000F09D10E4B0022FAF7C2FB6FF03507E2
S32D0001759804460A4621F0004322F0FF421B1522F4E002A3F2FE3342F07F553B4445F40015336020462946F8BDA5
S32D000175C0FFFFEF7F0000F07F0000504310B50C46B1F90E1000F07CFA002803DB236D0344236510BDA38923F474
S32D000175E88053A38110BD00BF2DE9F0410C46B1F90C101F46CB05054616460BD421F48051A1813B46B4F90E1083
S32D0001761032462846BDE8F041FEF716B8B4F90E100223002200F028FAB4F90C10EAE700BF10B50C46B1F90E1070
S32D0001763800F01EFAA389421C0EBF23F4805343F480532065A38110BDB1F90E1000F050B930B540EA0104A307DB
S32D0001766001D1032A0FD8844601F1FF3E07E01EF8011F03F8011B541EC1B19C4622466346002AF4D130BD0B46E4
S32D000176888446194653F8045BA5F1013424EA050414F0803FE4D1043A032A4CF8045B1946EFD8DDE76244002CDC
S32D000176B0E8D003F8011B9342FBD130BD2DE9F04F936883B09146002B6DD017688D6880460C460868083743E02E
S32D000176D8A38913F4906F2ED0D4E90415A0EB010A05EB450505EBD5750AEB06006D100130A8422A4684BF0546E2
S32D000177002A465B0536D511464046FBF7E1FA00283AD0524621690190FBF7DAFDA289019B22F4906242F08002A4
S32D00017728A281A5EB0A0203EB0A006561A260236120603546B24659465246FBF75FFED9F80830A16820684D1BB4
S32D0001775050449E1BA5602060C9F808601EB3083757E902B6002EFAD0B542AA46B4D93546B246E4E74046FBF7E5
S32D000177781FFF03460028D4D121694046FFF7A2F90C23C8F80030A389002243F040034FF0FF30A381C9E90122C3
S32D000177A003B0BDE8F08F0020C9F8040003B0BDE8F08F00BF2DE9F047DFF87CA00646DAF8000098460F46914600
S32D000177C8FBF776FA1B4B1B68D3F8484124B365681F2D26DC5EB96B1C0235DAF80000636044F82570FBF766FA74
S32D000177F00020BDE8F08704EB85010123C1F88890D4F88821AB401A43022EC4F88821C1F80881E4D1D4F88C2102
S32D000178181343C4F88C31DEE703F5A674C3F84841D5E7DAF80000FBF745FA4FF0FF30DCE758150020D891010070
S32D0001784000B50B4C25681446EE681A4685B003460D464CB107490095CDE901143046064900F0C8F8FBF784F80F
S32D0001786804490C46F3E700BF1C0D002064940100749401007094010038B5A1FB02148CBBFBF722FA0546E0B199
S32D0001789050F8042C22F00302043A242A17D8132A1AD91B2AC0E900441DD9242A14BF00F1100200F118024FF0F9
S32D000178B80003C0E9024404BF04614461C2E900339360284638BD2146FBF714FE284638BD02460023C2E9003397
S32D000178E09360284638BD00F10802F6E700F016F80C2300250360E8E738B5074D0022044608462A6001F092FAC5
S32D00017908431C00D038BD2B68002BFBD0236038BD2C1B0020014B1868704700BF1C0D002070B500294BD0064684
S32D000179300C4610B1836B002B48D0636ED80734D5B4F90C30002B3ED021463046FEF702FFE36A054633B1E16970
S32D00017958304698470028B8BF4FF0FF35A3891A063BD4216B41B104F14003994202D03046FFF7A8F80023236326
S32D00017980616C21B13046FFF7A1F800236364FFF72BF8636E0022DB07A28127D5A06DFBF789F9FFF727F8284639
S32D000179A870BDA3899905CBD4A06DFBF781F9B4F90C30002BC4D1656E15F0010508D00025284670BDFEF786FF08
S32D000179D0636ED807B4D4E8E7A06DFBF76FF9284670BD21693046FFF771F8BEE7A06DFBF765F9D3E70EB410B5DD
S32D000179F883B005AB064C53F8042B01930146206800F0B4F803B0BDE8104003B0704700BF1C0D002070B50C4621
S32D00017A20084D03460026204611461C462E6001F005FA431C00D070BD2B68002BFBD0236070BD00BF2C1B00201B
S32D00017A4838B5074D0022044608462A6001F002FA431C00D038BD2B68002BFBD0236038BD2C1B0020014B93F83A
S32D00017A70280170475C15002038B50C46084D8446114620461A4600232B60644601F0F6F9431C00D038BD2B680C
S32D00017A98002BFBD0236038BD2C1B002082B049B15AB16BB113780B601278101E18BF012002B0704701A9002AB4
S32D00017AC0F3D1104602B070476FF00100F4E700BF38B50C46084D8446114620461A4600232B60644601F0D2F98B
S32D00017AE8431C00D038BD2B68002BFBD0236038BD2C1B00202DE9F84F4B6E9C0490462DD59368126843B38B4619
S32D00017B10064602F1080959E9025A5FEA9A0715D0043D002401E0A7420ED055F8041F5A46304600F091FF431C17
S32D00017B3804F10104F3D10023C8E90133BDE8F88FD8F808302AF0030AA3EB0A03C8F8083009F10809002BDAD189
S32D00017B600020ECE7FAF70CFF0023C8E90133BDE8F88F00BF2DE9F04FBDB0CDE904301C460191174618B1836B60
S32D00017B88002B00F08682019A536EDE0740F18F81B2F90C108AB2900408D441F4005201994B6E8A8123F4005367
S32D00017BB092B24B66110740F1F780019B1B69002B00F0F28002F01A030A2B00F0FB8013AB10930023CDE9113317
S32D00017BD8CDE90A3308930DF14C09099303933B78002B00F051813C4604E014F8013F002B00F02C81252BF8D138
S32D00017C00E51B40F029812378002B00F041814FF0000300258DF83B30671C637802954FF0FF3B2B240137A3F123
S32D00017C2820025A2A00F25281DFE812F098025001500194025001500150016A005001500136026B0250014102EF
S32D00017C50A6025001A2025B005B005B005B005B005B005B005B005B0050015001500150015001500150015001AD
S32D00017C785001230284005001500150015001500150015001500150015001DD0050015001500107025001590234
S32D00017CA0500150011E055001500150015001500150015001500150015001230286005001500150014F02860051
S32D00017CC880005001450250018102DF006F028000500107027E003E0550015001400550017E00A3F13002002119
S32D00017CF017F8013B01EB810102EB4101A3F13002092AF5D902918EE7DDF814804046FFF707F843680A93184624
S32D00017D18FBF7B2FE0B9006464046FEF7FDFF83680993002E40F07B843B7877E73B7845F0200573E745F0100596
S32D00017D40AC06049E40F16F81073626F007063246736852F8086B04929846002BC0F22D84BBF1FF3F00F01085BE
S32D00017D6856EA080325F0800A00F008840A2E78F1000380F0BD84303601238DF8EF60554600930DF1EF04DDF8DF
S32D00017D9000809DF83B30D845B8BFD846002B00F0A88008F10108A4E0019D05982946FDF761FC002840F0888569
S32D00017DB8AA8902F01A030A2B7FF405AF0199B1F90E30002BFFF6FFAE4B6EDE0702D4950540F15685019905985E
S32D00017DE023463A463DB0BDE8F04F00F093BD45F0100515F0200800F00781049E073626F007063346D6F80480BE
S32D00017E0853F8086B049325F4806A00234FF000028DF83B20BBF1FF3F00F0C88156EA08022AF0800540F0C18131
S32D00017E30BBF1000F40F0AB84002B40F0A8831AF00103009300F0D68330238DF8EF300DF1EF049CE7E51B1BD043
S32D00017E58119B129A01332A44072BC9E900751292119305DC09F10809039B2B440393C6E6002A00F07F8301996F
S32D00017E80059810AAFFF73AFE40B90DF14C09EFE7129B002B40F0098500231193019A536ED90740F1A680938920
S32D00017EA85B0600F1198503983DB0BDE8F08F019BB3F90C108D058AB23FF56DAE1D46986DFAF7F6FEB5F90C1077
S32D00017ED08AB264E6002BDBD08DF88C304FF001084FF000038DF83B30CDF8008023AC4FF0000B15F0020306936B
S32D00017EF818BF08F1020815F08403079305D1029BA3EB0806002E00F36C82DDE91121501C9DF83B608EB10DF16C
S32D00017F203B020131C9F8002007284FF00102CDE91101C9F8042000F33B82024609F108090130069BDBB10FABA9
S32D00017F480231C9F8003007284FF00203CDE91101C9F8043040F34082002900F006830199059810AAFFF7C6FD75
S32D00017F70002893D1DDE911210DF14C09501C079B802B00F05881009BABEB0306002E00F3B681009BC9F800405B
S32D00017F9819440728CDE91101C9F8043040F34481002900F072820199059810AAFFF7A2FD00287FF46FAF129982
S32D00017FC00DF14C09680705D5029BA3EB0804002C00F36982DDE902234245ACBF9B1843440393002940F0D58159
S32D00017FE8002311930DF14C09F9E5019B9B899A053FF556AF019CA06DFAF75CFEA3894FE715F0100340F0238395
S32D0001801015F0400200F0EB83049A52F8046B04929846B6B2F3E656F8043B0496E80600F1ED82690640F1E78212
S32D0001803843F3C0381EB243468BE6049E56F8044B4FF000038DF83B30002C00F0B183BBF1FF3F00F02E835A4635
S32D0001806000212046FBF7E4F8002800F01284031B009304964FF0000B89E6049E4FF000038DF83B304FF00108CE
S32D0001808856F8043B8DF88C300496CDF8008023AC29E7FEF71FFC76E5049B53F8042B0292002A80F29F82029ACC
S32D000180B00493524202923B7845F00405B2E53B786C2B03BF7B7845F02005013745F01005A8E53B78682B03BFEA
S32D000180D87B7845F40075013745F040059EE545F0100A1AF0200800F05582049E073626F007063346D6F804808E
S32D0001810053F8086B0493012384E63B788DF83B4088E5049B53F8046B049330238DF83C3078238DF83D30B94B88
S32D00018128089345F0020A4FF0000802236EE6AE0600F18382EC0600F13383680600F19283A90540F12D83049EA4
S32D00018150039A56F8043B04961A7044E53B7845F001055FE59DF83B30002B7FF4E1AD20238DF83B303B7855E50B
S32D000181783B7845F0800551E5394611F8013B2A2B00F0B383A3F13002092A0F464FF0000B3FF645AD17F8013BEC
S32D000181A00BEB8B0B02EB4B0BA3F13002092AF5D939E5AA46012B3FF4DDAD022B3CAC12D1089A06F00F03360942
S32D000181C8D35C04F8013D46EA08764FEA181856EA0803F2D13CAB1B1B55460093D3E506F00703F60846EA48760B
S32D000181F04FEAD808303356EA0801224604F8013DF1D11AF0010FE9D0302BE7D03023023A04F8013C3CAB9B1AEE
S32D00018218554600931446B6E50099139401231491129111930DF14C0909F10809C6E6029BA3EB0806002E7FF7DD
S32D00018240A2AE102E40F35183DFF8C4A15346CDE906B4BA46DDF814B0019C2F461D4607E002F1020C09F1080934
S32D000182680246103E102E1EDD501C103110230728CDE91101C9F80050C9F80430ECDD10AA002900F08B8021462D
S32D0001829058460DF14C09FFF731FC00287FF4FEADDDE91121103E102E02F1010CE0DCDDE906B42B463D46574614
S32D000182B89A463144BCF1070FCDE911C1C9F800A0C9F8046040F39581002900F0BB820199059810AAFFF70EFCE1
S32D000182E000287FF4DBAD009BDDE91121ABEB0306002E02F101000DF14C097FF74AAE102EDFF80CA131DD5346CE
S32D00018308CDE90645BA46059C019D4FF0100B1F4607E002F1020C09F108090246103E102E19DD501C10310728AE
S32D00018330C9E9007BCDE91101EFDD10AA19B3294620460DF14C09FFF7D9FB00287FF4A6ADDDE91121103E102E73
S32D0001835802F1010CE5DCDDE906453B46604657469A4631440728CDE91101C9F800A0C9F8046000F3E68009F13B
S32D000183800809013005E64FF0010C0A460DF14C09C8E70199059810AAFFF7B0FB00283FF423AE7BE54FF0010C99
S32D000183A80A460DF14C095CE7002900F0DB800199059810AAFFF79EFB00287FF46BADDDE911210DF14C09501C62
S32D000183D0B7E502210FAB1491139301200DF14C09024609F10809501CC9E5102E40F35782DDE911C1DFF81CA064
S32D000183F8CDE90CB410235446DDF804B0DDF814A062460DE0EC910100C8950100B895010002F1020C09F1080936
S32D000184200246103E102E1BDD501C10310728C9E90043CDE91101EFDD10AA21B3594650460DF14C09FFF75AFB9B
S32D0001844800287FF427ADDDE91121103E102E02F1010C4FF01003E3DCA246DDF830B00D9C62463144072ACDE9B7
S32D000184701121C9F800A0C9F8046000F3A78009F10809501C48E50A464FF0010C0DF14C09C7E76C07119150D590
S32D00018498029BA3EB0804002C4BDD0DF14C09102C40F30982DFF8ECA2119A059EDDF804B053461025BA461F466E
S32D000184C006E0901C09F108091A46103C102C19DD531C1031072BC9E90075CDE91131F0DD10AA29B35946304699
S32D000184E8FFF708FB00287FF4D5ACDDE91121103C102C02F101000DF14C09E5DC3B4657469A4621440728C9E984
S32D0001851000A4CDE911017FF75DAD71B10199059810AAFFF7EBFA00287FF4B8AC129951E501200A460DF14C09BE
S32D00018538C7E7DDE902234245ACBF9B18434403934EE500293FF468AE0199059810AAFFF7D1FA00287FF49EAC7D
S32D000185601198129901300DF14C0912E5069B002B77D101200A460DF14C0900E511920DF14C0975E4BBF1000F56
S32D000185887FF4F9AB55464FF0000BCDF800B03CACFFF7F9BB1AF010033AD11AF0400200F01381049A52F8046B72
S32D000185B004929846B6B201232CE42D2376428DF83B3068EB4808AA46012327E400297DD00199059810AAFFF775
S32D000185D891FA00287FF45EACDDE911210DF14C09501C95E404933B78FFF718BB3CACFFF7CABB09F108090CF196
S32D0001860001006246BFE4AA0500F138814FEAE3781E464346FFF7A1BB049B53F8046B04930123FFF7F7BB099B73
S32D00018628002B3FF481AB099B1B78002B3FF47CAB3B7845F48065FFF7F1BADDE9031656F8042B0496CB17C2E9E8
S32D000186500013FFF7C8BA049B53F8046B0493FFF7D6BB02210FAB149113930DF14C09B8E64B4A089215F0200884
S32D0001867836D0049E073626F007063246D6F8048052F8086B0492EA0709D556EA080206D08DF83D30302345F045
S32D000186A002058DF83C3025F4806A0223FFF7B2BBAA461AE53B4A0892DCE720460496FBF7DFF94FF0000B0090B3
S32D000186C8FFF761BB9DF83B20002A00F0C18001200DF13B02149013920DF14C09014628E415F0100242D0049A14
S32D000186F052F8046B0492CAE70AF48063CDF800B0CDF81890BB46DDF8249000253CAC1F4609E03046414600F0C6
S32D0001871807FA0A2E78F100031BD306468846304641460A22002300F0FBF91146303104F8011C0A220023013CF8
S32D000187400135002FE5D099F80010A942E1D1FF2DDFD00A2E78F1000364D23CAB1B1BCDF824905F46DDF8189045
S32D00018768DDF800B000935546FFF70DBB15F0400147D0049951F8046B04919046B6B282E7AA46FFF7F3BA012BC4
S32D00018790AA467FF412ADFFF7F2BA00BFB895010000920100EC910100049E039A56F8043B1A600496FFF717BA31
S32D000187B8BBF1060FD84628BF4FF00608504CCDF800800496FFF78FBB049B1AF4007814BF53F8046B53F8046B58
S32D000187E004931CBF9046F6B20123FFF713BB049B15F4007814BF53F8046B53F8046B04931CBF9046F6B2FFF745
S32D0001880802BB049A15F4007814BF52F8046B52F8046B04921CBF8846F6B234E70B9B0A99E41A1A462046FEF71C
S32D0001883013FF99F801300BB109F10109304641460A220023002500F06FF96AE701200A460DF14C09FFF797BB5F
S32D00018858069B002B7FF4B9AD0A4601200DF14C09FFF78DBB049E039A56F8043B04961A80FFF7B5B943F3C018D8
S32D000188805EB24346FFF769BA886DFAF717FAFFF7A5BACDF800B004968346FFF778BA119A1299DFF868A0013263
S32D000188A8DFE50199059810AAFFF724F900283FF4EFAAFFF7EFBA1198DFF848A0013020E6019B5B6EDB0707D485
S32D000188D0019B9B899F0503D4019B986DFAF7EEF94FF0FF330393FFF7E2BADFF824A08446E3E4049A7B780F461A
S32D000188F852F8041B049241EAE17BFFF78FB900BF14920100B8950100C8950100F0B51F468B89ADF26C4D23F0F2
S32D000189200203ADF80C304B6E1993CB89ADF80E30CB6907934B6A09931AAB009304934FF4806315460646029336
S32D00018948059316A800230C460693FAF7ADF92A463B4669463046FFF709F9051E07DB69463046FDF783FF00282F
S32D0001897018BF4FF0FF35BDF80C305B0603D5A38943F04003A3811698FAF794F928460DF26C4DF0BD49B1FF2A7C
S32D0001899802D80A70012070478A2303604FF0FF3070470846704700BF2DE9F04383B0074688461446FFF756F856
S32D000189C0012803D108F1FF33FE2B37D9424604F15C0301A9384600F073F8421C064633D038B39DF804C00DF1D9
S32D000189E80509002509E023685A1C226083F800C00135B54219D219F801CBA368013B002BA360F0DAD4F818E08E
S32D00018A10734561462246384602DBBCF10A0FE6D1FCF7BAFD431CE7D10646304603B0BDE8F0834646304603B095
S32D00018A38BDE8F0835FFA88FC8DF804C00646CEE7A389304643F04003A38103B0BDE8F08330B5536E13F0010F10
S32D00018A60B2F90C30144683B005469AB201D198051CD5900406D4626E43F4005342F40052A3816266224628466A
S32D00018A88FFF792FF636EDA07054602D4A3899B0502D5284603B030BDA06DFAF70BF9284603B030BDA06D019105
S32D00018AB0FAF702F9B4F90C3001999AB2D9E700BF70B5054684B01C4639B10B4ED6F8E060B047431C09D004B023
S32D00018AD870BD0A460649D1F8E06001A9B047431CF5D100228A2322602B6004B070BD00BF5C1500204FEA410C41
S32D00018B007FEA6C5C02D150EA013C0AD14FEA430C7FEA6C5C02D152EA033C02D14FF0000070474FF00100704729
S32D00018B2853B94AB9002908BF00281CBF4FF0FF314FF0FF3000F074B9ADF1080C6DE904CE00F006F8DDF804E0A1
S32D00018B50DDE9022304B070472DE9F047089E0D4604468846002B4DD18A42944668D9B2FA82F252B101FA02F3FF
S32D00018B78C2F1200120FA01F10CFA02FC41EA030894404FEA1C45210CB8FBF5FE1FFA8CF705FB1E8341EA0343C5
S32D00018BA00EFB07F199420BD91CEB03030EF1FF3080F01E81994240F21B81AEF1020E63445B1AA4B2B3FBF5F03F
S32D00018BC805FB103344EA034400FB07F7A7420AD91CEB040400F1FF3380F00881A74240F2058164440238E41B54
S32D00018BF040EA0E4000211EB1D4400023C6E90043BDE8F0878B4208D9002E00F0EE800021C6E900050846BDE8A7
S32D00018C18F087B3FA83F100294AD1AB4202D3824200F2F980841A65EB030301209846002EE2D0C6E90048DFE7D0
S32D00018C4002B9FFDEB2FA82F2002A40F09180A1EB0C054FEA1C471FFA8CFE0121B5FBF7F307FB1350250C45EA85
S32D00018C6800450EFB03F0A84208D91CEB050503F1FF3802D2A84200F2CB8043462D1AA4B2B5FBF7F007FB105576
S32D00018C9044EA05440EFB00FEA64508D91CEB040400F1FF3502D2A64500F2BB802846A4EB0E0440EA03409EE74A
S32D00018CB8C1F120078B4022FA07FC4CEA030C20FA07F405FA01F31C43FD404FEA1C4900FA01F3B5FBF9F8200C88
S32D00018CE01FFA8CFE09FB185540EA054508FB0EF0A84202FA01F20BD91CEB050508F1FF3A80F08880A84240F248
S32D00018D088580A8F1020865442D1AA4B2B5FBF9F009FB105544EA054500FB0EFEAE4508D91CEB050500F1FF34C4
S32D00018D306CD2AE456AD90238654440EA0840A0FB0294A5EB0E05A542C846A64656D353D05EB1B3EB080265EB43
S32D00018D580E0505FA07F722FA01F3CD401F43C6E900750021BDE8F087C2F1200320FA03F10CFA02FC25FA03F3FF
S32D00018D8095400D434FEA1C471FFA8CFEB3FBF7F107FB11302B0C43EA004301FB0EF0984204FA02F408D91CEB30
S32D00018DA8030301F1FF382FD298422DD9023963441B1AADB2B3FBF7F007FB103345EA034500FB0EF3AB4208D9FB
S32D00018DD01CEB050500F1FF3816D2AB4214D902386544ED1A40EA014138E73146304607E78646E5E61846FAE654
S32D00018DF84B45A9D2B9EB020864EB0C0E0138A3E74046EAE7204694E74146D1E7D0467BE7023B654432E708462B
S32D00018E2009E76444023842E7704700BF024B58221A604FF0FF3070472C1B0020024B58221A604FF0FF3070477F
S32D00018E482C1B0020024B58221A604FF0FF3070472C1B0020024B58221A600020704700BF2C1B0020024B5822C2
S32D00018E701A604FF0FF3070472C1B0020024B58221A604FF0FF3070472C1B0020024B58221A604FF0FF3070479A
S32D00018E982C1B0020044A05491368002B08BF0B461844106018467047301B0020341B0020024B58221A604FF0AF
S32D00018EC0FF3070472C1B0020FEE700BF52454400424C5545000000000000000040787D0100D8B80500000000C4
S32D00018EE8000000010000090200001A03000000040000020500001A0600001B0700001A08000009090000090A9E
S32D00018F1000001A0B0000DB0C00001A0D000000000000000F00001A1000001A1100001A120000000000001A1441
S32D00018F380000000000001A1600001A1700001A1800001A1900001A1A00001A1B00001B1C00001B1D00001A1E34
S32D00018F600000000000001A2000001A2100001A2200001A2300001A2400001A2500001B260000022700001A28CB
S32D00018F880000022900001B2A00000000000000000000000000000000000000000000000000000000000000004A
S32D00018FB000001A3300001A3400001A350000000000001A3700001B3800000000000000000000000000001B3CAD
S32D00018FD800001B3D000000000000000001010101010101010202020202020000000000000000000000040404F2
S32D000190000404030301010101010101010000010101010100000101000001010000000000010000000000000021
S32D000190280B0000000A0000000700000006000000050000000400000001000000000000000000000001000000EC
S32D0001905008000000090000000A0000000B00000011000000100000000F0000000E0000000D0000000C00000074
S32D000190780B0000000A00000009000000080000000700000019000000180000001A0000001B0000001C0000001A
S32D000190A001000000060000000F0000000E0000000D0000000C0000000B0000000A00000009000000080000003E
S32D000190C80E0000000F00000004000000050000000600000007000000110000000100000014000000010000001F
S32D000190F014000000000000001300000000000000130000000B0000000A000000120000001100000010000000CF
S32D0001911810000000040000000500000007000000060000000B0000000A000000070000000600000005000000DB
S32D00019140040000000100000000000000000000000100000008000000090000000A0000000B00000011000000C3
S32D00019168100000000F0000000E0000000D0000000C0000000B0000000A00000009000000080000000700000065
S32D0001919019000000180000001A0000001B0000001C0000007630322E30392E3030000000256400002D25642EC4
S32D000191B8253033640000000025642E2530336400747275650000000066616C7365000000200D0020494E460004
S32D000191E0696E66004E414E006E616E00303132333435363738396162636465660000000030313233343536370B
S32D00019208383941424344454600000000286E756C6C2900003000000020202020202020202020202020202020F5
S32D00019230303030303030303030303030303030304E614E00496E66696E6974790000000042616C6C6F632073E8
S32D000192587563636565646564000000002F6D6E742F776F726B73706163652F776F726B73706163652F4743433F
S32D000192802D31302D706970656C696E652F6A656E6B696E732D4743432D31302D706970656C696E652D333338B7
S32D000192A85F32303231313031385F313633343531363230332F7372632F6E65776C69622F6E65776C69622F6CD9
S32D000192D06962632F7374646C69622F64746F612E630000002F6D6E742F776F726B73706163652F776F726B7347
S32D000192F8706163652F4743432D31302D706970656C696E652F6A656E6B696E732D4743432D31302D706970651D
S32D000193206C696E652D3333385F32303231313031385F313633343531363230332F7372632F6E65776C69622F09
S32D000193486E65776C69622F6C6962632F7374646C69622F6D707265632E630000000000000080E03779C34143CD
S32D00019370176E05B5B5B89346F5F93FE9034F384D321D30F94877825A3CBF737FDD4F1575000000000000F03F77
S32D00019398000000000000244000000000000059400000000000408F40000000000088C34000000000006AF8406D
S32D000193C00000000080842E4100000000D01263410000000084D797410000000065CDCD41000000205FA00242AF
S32D000193E8000000E876483742000000A2941A6D42000040E59C30A2420000901EC4BCD64200003426F56B0C4314
S32D000194100080E03779C3414300A0D8855734764300C84E676DC1AB43003D9160E458E143408CB5781DAF154450
S32D0001943850EFE2D6E41A4B4492D54D06CFF08044F64AE1C7022DB544B49DD9794378EA4405000000190000008A
S32D000194607D0000002C2066756E6374696F6E3A2000000000617373657274696F6E2022257322206661696C655F
S32D00019488643A2066696C6520222573222C206C696E65202564257325730A000000202020202020202020282814
S32D000194B02828282020202020202020202020202020202020208810101010101010101010101010101004040451
S32D000194D8040404040404041010101010101041414141414101010101010101010101010101010101010101013F
S32D0001950010101010101042424242424202020202020202020202020202020202020202021010101020000000C8
S32D000195280000000000000000000000000000000000000000000000000000000000000000000000000000000014
S32D0001955000000000000000000000000000000000000000000000000000000000000000000000000000000000EC
S32D0001957800000000000000000000000000000000000000000000000000000000000000000000000000000000C4
S32D000195A0000000000000000043000000504F5349580000002E0000002020202020202020202020202020202098
S32D000195C830303030303030303030303030303030F8B500BFF8BC08BC9E4670474957010065C4000005CA00005C
S32D000195F079ED0000FDFA0000811401002D150100E9150100611801002D19010079190100F8B500BFF8BC08BCDF
S309000196189E467047AC
S30D0001961C5C83FF7F01000000E1
S32D0001962401FFFFFF170034022D0036022B00380229003A022700060230000602250006023200060223000602A4
S32D0001964C340006022100060204002E01040006021F00060204003001040006021D00060204003201040006027B
S32D000196741B00060204003401040006021900060204003601040006021700060204003801040006021500060272
S32D0001969C04003A01040006021300060204003C01040006021100060204003E01040006020F0006020400400128
S32D000196C4040006020D00060204004201040006020B000602040044010400060209000602040046010400060233
S32D000196EC0700060204004801040006020500060204004A01040006020300060204004C0104000602010006020E
S32D0001971404004E0104000B0204005001040009020400520104000802030054010300080203005401030008022F
S32D0001973C03001D011A001D010300080203001C011C001C010300080203001B011E001B010300080203001A01AE
S32D000197640400180204001A01030008020300190104001A0204001901030008020300180104001C0204001801C9
S32D0001978C030008020300170104001E0204001701030008020300160104000602150005020400160103000802CF
S32D000197B403001501040006021700050204001501030008020300150103000602190005020300150103000802B2
S32D000197DC03001501030005021B000402030015010300080203001501030004021C00040203001501030008028A
S32D0001980403001501030004021C000402030015010300080203001501030004021C000402030015010300080261
S32D0001982C03001501030004021C000402030015010300080203001501030004021C000402030015010300080239
S32D0001985403001501030004021C000402030015010300080203001501030004021C000402030015010300080211
S32D0001987C03001501030004021C000402030015010300080203001501030004021C0004020300150103000802E9
S32D000198A403001501030004021C000402030015010300080203001501030004021C0004020300150103000802C1
S32D000198CC03001501030004021C000402030015010300080203001501030004021C000402030015010300080299
S32D000198F403001501030004021C000402030015010300080203001501030004021C000402030015010300080271
S32D0001991C03001501030004021C000402030015010300080203001501030004021C000402030015010300080248
S32D0001994403001501030004021C000402030015010300080203001501030004021C000402030015010300080220
S32D0001996C03001501030004021C000402030015010300080203001501030004021C0004020300150103000802F8
S32D0001999403001501030004021C000402030015010300080203001501030004021C0004020300150103000802D0
S32D000199BC03001501030004021C000402030015010300080203001501030004021C0004020300150103000802A8
S32D000199E403001501030004021C000402030015010300080203001501030004021C000402030015010300080280
S32D00019A0C03001501030004021C000402030015010300080203001501030004021C000402030015010300080257
S32D00019A3403001501030004021C000402030015010300080203001501030004021C00040203001501030008022F
S32D00019A5C03001501030004021C000402030015010300080203001501030004021C000402030015010300080207
S32D00019A8403001501030004021C000402030015010300080203001501030004021C0004020300150103000802DF
S32D00019AAC03001501030004021C000402030015010300080203001501030004021C0004020300150103000802B7
S32D00019AD403001501030004021C000402030015010300080203001501030004021C00040203001501030008028F
S32D00019AFC03001501030004021C000402030015010300080203001501030004021C000402030015010300080267
S32D00019B2403001501030004021C000402030015010300080203001501030004021C00040203001501030008023E
S32D00019B4C03001501030004021C000402030015010300080203001501030004021C000402030015010300080216
S32D00019B7403001501030004021C000402030015010300080203001501030004021C0004020300150103000802EE
S32D00019B9C03001501030004021C000402030015010300080203001501030005021B0004020300150103000802C6
S32D00019BC4030015010300060219000502030015010300080203001501040006021700050204001501030008029E
S32D00019BEC03001601040006021500050204001601030008020300170104001E020400170103000802030018015C
S32D00019C1404001C0204001801030008020300190104001A02040019010300080203001A010400180204001A0112
S32D00019C3C0300080203001B011E001B010300080203001C011C001C010300080203001D011A001D0103000802BA
S32D00019C640300540103000802030054010300080204005201040009020400500104000B0204004E0104000602DC
S32D00019C8C0100060204004C01040006020300060204004A01040006020500060204004801040006020700060268
S32D00019CB404004601040006020900060204004401040006020B00060204004201040006020D0006020400400104
S32D00019CDC040006020F00060204003E01040006021100060204003C01040006021300060204003A01040006021B
S32D00019D041500060204003801040006021700060204003601040006021900060204003401040006021B000602DB
S32D00019D2C04003201040006021D00060204003001040006021F00060204002E0104000602210006023400060294
S32D00019D542300060232000602250006023000060227003A02290038022B0036022D0034021700FFFF430002012F
S32D00019D7C930003019200040191000501900006012B000102630006012A00030262000601290005026100060194
S32D00019DA42800070226000501230006010C000601130006010800010205000902050001021600020105000A0190
S32D00019DCC090002010500080106000B010700100109000A0106000202050007020500020207000B0104000301D4
S32D00019DF402000D010800030102000A0104000E010600100107000E0104000302050005020500030205000E01A4
S32D00019E1C0300130107000F0103001001050010010600100103000402040005020400040204001001020014015E
S32D00019E4406000F01020012010400100105001201020005020300050203000502030012010100150105000F0138
S32D00019E6C02001301030010010500120102000602020005020200060203001201010009010500070105000F0125
S32D00019E94010008010500070103001001040008010300070103000602020005020200060202001301010007011F
S32D00019EBC08000701040007010900060108000701040006010C00060105000601040005020300050203000502F2
S32D00019EE4020006010E0007010900060104000601090006010A000601040006010B0006010500060105000502BF
S32D00019F0C0300050203000502020006010E0006010B00050104000601090006010A000601040006010B0006019A
S32D00019F340400070105000502030005020300050202000E01060006010B00060103000601090006010B00050177
S32D00019F5C040006010B0006010300070106000502030005020300050203001001030006010B0006010300060153
S32D00019F84090006010B000501040006010B00060103000601070005020300050203000502030011010200060126
S32D00019FAC0B00060103000601090006010B000501040006010B0006010200060108000502030005020300050200
S32D00019FD404001101010006010B00060103000601090006010B000501040006010B0006010100060109000502CE
S32D00019FFC0300050203000502050017010A00060104000601090006010A000601040006010B000C010A00050294
S32D0001A02403000502030005020700160109000601040006010900070109000601050006010B000B010400010176
S32D0001A04C05000502030005020300050210000E0107000701040006010A00070107000601060007010A000A0149
S32D0001A0740400030104000602020005020200060211000F0103000801050006010A0008010400080106000D0129
S32D0001A09C040009010300060104000602010005020100060204002801050006010B00120108000C0105001201DC
S32D0001A0C40300130204002701060006010C00110109000B0106001101040011020500120101001301070006017F
S32D0001A0EC0D000F010B000A0107000F0106000F020600120101001201080006010E000C010E00090108000C0160
S32D0001A11409000D020700110102000601020008010A00060110000901110007010A0009010B000B0208000F014F
S32D0001A13C040006018F0006018F0006018F0006018F0006018F0006018F0006018F0006018F00FFFF0000000042
S32D0001A1640000005F00000007000700147F147F14242A7F2A12231308646236495522500005030000001C22414B
S32D0001A18C000041221C00082A1C2A0808083E080800503000000808080808006060000020100804023E51494584
S32D0001A1B43E00427F400042615149462141454B311814127F1027454545393C4A494930017109050336494949BF
S32D0001A1DC36064949291E003636000000563600000008142241141414141441221408000201510906324979414D
S32D0001A2043E7E1111117E7F494949363E414141227F4141221C7F494949417F090901013E414151327F080808C4
S32D0001A22C7F00417F41002040413F017F081422417F404040407F0204027F7F0408107F3E4141413E7F0909092C
S32D0001A254063E4151215E7F09192946464949493101017F01013F4040403F1F2040201F7F2018207F63140814BC
S32D0001A27C630304780403615149454300007F4141020408102041417F00000402010204404040404000010204B3
S32D0001A2A40020545454787F484444383844444420384444487F3854545418087E090102081454543C7F08040458
S32D0001A2CC7800447D40002040443D00007F10284400417F40007C041804787C0804047838444444387C14141402
S32D0001A2F408081414187C7C080404084854545420043F4440203C4040207C1C2040201C3C4030403C44281028B4
S32D0001A31C440C5050503C4464544C44000836410000007F0000004136080008082A1C08081C2A0808200D002084
S32D0001A344000000000C10002074100020DC100020000000000000000000000000000000000000000000000000FE
S32D0001A36C00000000000000000000000000000000000000000000000000000000000000000000000000000000C2
S32D0001A394000000000000000000000000000000000000000000000000000000000000000000000000000000009A
S32D0001A3BC0000000000000000000000000000000000000000000000000000000000000000000000000000000072
S32D0001A3E4000000000000000001000000000000000E33CDAB34126DE6ECDE05000B00000000000000000000001D
S32D0001A40C0000000000000000000000000000000000000000000000000000000000000000000000000000000021
S32D0001A43400000000000000000000000000000000000000000000000000000000000000000000000000000000F9
S32D0001A45C00000000000000000000000000000000000000000000000000000000000000000000000000000000D1
S32D0001A48400000000000000000000000000000000000000000000000000000000000000000000000000000000A9
S32D0001A4AC0000000000000000000000000000000000000000000000000000000000000000000000000000000081
S32D0001A4D40000000000000000000000000000000000000000000000000000000000000000000000000000000059
S32D0001A4FC0000000000000000000000000000000000000000000000000000000000000000000000000000000031
S32D0001A5240000000000000000000000000000000000000000000000000000000000000000000000000000000008
S32D0001A54C00000000000000000000000000000000000000000000000000000000000000000000000000000000E0
S32D0001A57400000000000000000000000000000000000000000000000000000000000000000000000000000000B8
S32D0001A59C0000000000000000000000000000000000000000000000000000000000000000000000000000000090
S32D0001A5C40000000000000000000000000000000000000000000000000000000000000000000000000000000068
S32D0001A5EC0000000000000000000000000000000000000000000000000000000000000000000000000000000040
S32D0001A6140000000000000000000000000000000000000000000000000000000000000000000000000000000017
S32D0001A63C00000000000000000000000000000000000000000000000000000000000000000000000000000000EF
S32D0001A66400000000000000000000000000000000000000000000000000000000000000000000000000000000C7
S32D0001A68C000000000000000000000000000000000000000000000000000000000000000000000000000000009F
S32D0001A6B40000000000000000000000000000000000000000000000000000000000000000000000000000000077
S32D0001A6DC000000000000000000000000000000000000000000000000000000000000000000000000000000004F
S32D0001A7040000000000000000000000000000000000000000000000000000000000000000000000000000000026
S32D0001A72C00000000000000000000000000000000000000000000000000000000000000000000000000000000FE
S32D0001A75400000000000000000000000000000000000000000000000000000000000000004811002048110020E4
S32D0001A77C5011002050110020581100205811002060110020601100206811002068110020701100207011002004
S32D0001A7A4781100207811002080110020801100208811002088110020901100209011002098110020981100204C
S32D0001A7CCA0110020A0110020A8110020A8110020B0110020B0110020B8110020B8110020C0110020C011002094
S32D0001A7F4C8110020C8110020D0110020D0110020D8110020D8110020E0110020E0110020E8110020E8110020DC
S32D0001A81CF0110020F0110020F8110020F81100200012002000120020081200200812002010120020101200201D
S32D0001A8441812002018120020201200202012002028120020281200203012002030120020381200203812002061
S32D0001A86C40120020401200204812002048120020501200205012002058120020581200206012002060120020A9
S32D0001A89468120020681200207012002070120020781200207812002080120020801200208812002088120020F1
S32D0001A8BC90120020901200209812002098120020A0120020A0120020A8120020A8120020B0120020B012002039
S32D0001A8E4B8120020B8120020C0120020C0120020C8120020C8120020D0120020D0120020D8120020D812002081
S32D0001A90CE0120020E0120020E8120020E8120020F0120020F0120020F8120020F81200200013002000130020C6
S32D0001A9340813002008130020101300201013002018130020181300202013002020130020281300202813002006
S32D0001A95C301300203013002038130020381300204013002040130020481300204813002050130020501300204E
S32D0001A9845813002058130020601300206013002068130020681300207013002070130020781300207813002096
S32D0001A9AC8013002080130020881300208813002090130020901300209813002098130020A0130020A0130020DE
S32D0001A9D4A8130020A8130020B0130020B0130020B8130020B8130020C0130020C0130020C8130020C813002026
S32D0001A9FCD0130020D0130020D8130020D8130020E0130020E0130020E8130020E8130020F0130020F01300206E
S32D0001AA24F8130020F81300200014002000140020081400200814002010140020101400201814002018140020AD
S32D0001AA4C20140020201400202814002028140020301400203014002038140020381400204014002040140020F3
S32D0001AA74481400204814002050140020501400205814002058140020601400206014002068140020681400203B
S32D0001AA9C7014002070140020781400207814002080140020801400208814002088140020901400209014002083
S32D0001AAC49814002098140020A0140020A0140020A8140020A8140020B0140020B0140020B8140020B8140020CB
S32D0001AAECC0140020C0140020C8140020C8140020D0140020D0140020D8140020D8140020E0140020E014002013
S32D0001AB14E8140020E8140020F0140020F0140020F8140020F81400200015002000150020081500200815002056
S32D0001AB3C1015002010150020181500201815002020150020201500202815002028150020301500203015002098
S32D0001AB6438150020381500204015002040150020FFFFFFFF00000200E81A00204300000000000000000000009B
S32D0001AB8C0000000000000000000000000000000000000000430000000000000000000000000000000000000057
S32D0001ABB4000000000000000000000000430000000000000000000000000000000000000000000000000000002F
S32D0001ABDC00000000430000000000000000000000000000000000000000000000000000000000000043000000C4
S32D0001AC0400000000000000000000000000000000000000000000000000000000430000000000000000000000DE
S32D0001AC2C00000000000000000000000000000000000000004300000000000000000000000000000000000000B6
S32D0001AC5400000000000000000000000095890100A57A010000000000A4940100B4950100709401007094010005
S32D0001AC7C70940100709401007094010070940100709401007094010070940100FFFFFFFFFFFFFFFFFFFFFFFF92
S32D0001ACA4FFFF000001004153434949000000000000000000000000000000000000000000000000000000415385
S3250001ACCC43494900000000000000000000000000000000000000000000000000000000008C
S7050000C25DDB
